Price,AAPL_close,MSFT_close
2021-08-09,142.61485290527344,276.70941162109375
2021-08-10,142.13650512695312,274.89556884765625
2021-08-11,142.39035034179688,275.385009765625
2021-08-12,145.34828186035156,278.1297302246094
2021-08-13,145.55325317382812,281.0472106933594
2021-08-16,147.52517700195312,282.7266845703125
2021-08-17,146.61734008789062,281.2679748535156
2021-08-18,142.87843322753906,279.5467834472656
2021-08-19,143.21034240722656,285.3544616699219
2021-08-20,144.66488647460938,292.6524658203125
2021-08-23,146.1487579345703,292.9313049316406
2021-08-24,146.06088256835938,290.9793395996094
2021-08-25,144.83087158203125,290.3928527832031
2021-08-26,144.0303497314453,287.585205078125
2021-08-27,145.06515502929688,288.1909484863281
2021-08-30,149.47760009765625,291.9121398925781
2021-08-31,148.21829223632812,290.267822265625
2021-09-01,148.88211059570312,290.2197265625
2021-09-02,149.99505615234375,289.5659484863281
2021-09-03,150.62954711914062,289.556396484375
2021-09-07,152.96273803710938,288.6332702636719
2021-09-08,151.42030334472656,288.662109375
2021-09-09,150.405029296875,285.81597900390625
2021-09-10,145.42637634277344,284.335205078125
2021-09-13,145.9925537109375,285.56597900390625
2021-09-14,144.59654235839844,288.25823974609375
2021-09-15,145.48492431640625,293.09478759765625
2021-09-16,145.25062561035156,293.47943115234375
2021-09-17,142.58554077148438,288.3352355957031
2021-09-20,139.539794921875,282.9794006347656
2021-09-21,140.01815795898438,283.4602355957031
2021-09-22,142.38058471679688,287.0948486328125
2021-09-23,143.33729553222656,288.0371398925781
2021-09-24,143.4250946044922,287.8352355957031
2021-09-27,141.91197204589844,282.8544616699219
2021-09-28,138.53428649902344,272.61407470703125
2021-09-29,139.43238830566406,273.0757141113281
2021-09-30,138.13404846191406,271.0756530761719
2021-10-01,139.25669860839844,277.97955322265625
2021-10-04,135.83016967773438,272.21990966796875
2021-10-05,137.7533416748047,277.652587890625
2021-10-06,138.6221466064453,281.83526611328125
2021-10-07,139.88150024414062,283.50830078125
2021-10-08,139.5006866455078,283.50830078125
2021-10-11,139.4128875732422,282.9122009277344
2021-10-12,138.14381408691406,281.6141052246094
2021-10-13,137.55809020996094,284.91217041015625
2021-10-14,140.3402862548828,291.1043395996094
2021-10-15,141.3945770263672,292.50830078125
2021-10-18,143.0639190673828,295.4698486328125
2021-10-19,145.22134399414062,296.3736267089844
2021-10-20,145.70944213867188,295.5852355957031
2021-10-21,145.9241943359375,298.80633544921875
2021-10-22,145.1530303955078,297.267822265625
2021-10-25,145.10423278808594,296.2774963378906
2021-10-26,145.7680206298828,298.1812438964844
2021-10-27,145.30918884277344,310.7390441894531
2021-10-28,148.94070434570312,311.87359619140625
2021-10-29,146.23660278320312,318.86383056640625
2021-11-01,145.41659545898438,316.7004699707031
2021-11-02,146.45138549804688,320.31585693359375
2021-11-03,147.8864288330078,321.1523132324219
2021-11-04,147.3690643310547,323.49847412109375
2021-11-05,147.8969268798828,323.1331481933594
2021-11-08,147.07571411132812,324.02728271484375
2021-11-09,147.43746948242188,323.0273742675781
2021-11-10,144.61207580566406,318.0754089355469
2021-11-11,144.56317138671875,319.64276123046875
2021-11-12,146.6357879638672,323.7677307128906
2021-11-15,146.6455841064453,323.1426696777344
2021-11-16,147.62319946289062,326.45037841796875
2021-11-17,150.05752563476562,326.6719665527344
2021-11-18,154.33953857421875,328.7430419921875
2021-11-19,156.95962524414062,330.5154724121094
2021-11-22,157.4191436767578,327.3558654785156
2021-11-23,157.80038452148438,325.2847900390625
2021-11-24,158.31854248046875,325.50640869140625
2021-11-26,153.30325317382812,317.5783996582031
2021-11-29,156.6565704345703,324.2732849121094
2021-11-30,161.60340881347656,318.4550476074219
2021-12-01,161.0852813720703,317.9637145996094
2021-12-02,160.0978546142578,317.3955078125
2021-12-03,158.2208251953125,311.1533203125
2021-12-06,161.6229705810547,314.21661376953125
2021-12-07,167.35191345214844,322.6261291503906
2021-12-08,171.16468811035156,322.67431640625
2021-12-09,170.65634155273438,320.8729553222656
2021-12-10,175.43698120117188,329.9664306640625
2021-12-13,171.8099365234375,326.9416809082031
2021-12-14,170.4314422607422,316.2876892089844
2021-12-15,175.29031372070312,322.36602783203125
2021-12-16,168.4077606201172,312.973876953125
2021-12-17,167.31280517578125,311.9143981933594
2021-12-20,165.9539031982422,308.1671142578125
2021-12-21,169.12144470214844,315.2761535644531
2021-12-22,171.71217346191406,320.9692687988281
2021-12-23,172.33786010742188,322.4046630859375
2021-12-27,176.29730224609375,329.8797302246094
2021-12-28,175.28053283691406,328.7237548828125
2021-12-29,175.36854553222656,329.3980712890625
2021-12-30,174.21493530273438,326.8646545410156
2021-12-31,173.59902954101562,323.9747619628906
2022-01-03,177.9397735595703,322.4623718261719
2022-01-04,175.68138122558594,316.93304443359375
2022-01-05,171.00827026367188,304.7666931152344
2022-01-06,168.15359497070312,302.3584289550781
2022-01-07,168.3197784423828,302.51251220703125
2022-01-10,168.33934020996094,302.734130859375
2022-01-11,171.16468811035156,303.4180603027344
2022-01-12,171.60462951660156,306.5872802734375
2022-01-13,168.33934020996094,293.6117248535156
2022-01-14,169.1996307373047,298.8135681152344
2022-01-18,166.00279235839844,291.5406494140625
2022-01-19,162.51260375976562,292.1957092285156
2022-01-20,160.8311004638672,290.5292663574219
2022-01-21,158.77806091308594,285.1636047363281
2022-01-24,158.0056915283203,285.4911193847656
2022-01-25,156.2068328857422,277.9004211425781
2022-01-26,156.11888122558594,285.8186340332031
2022-01-27,155.6593475341797,288.83380126953125
2022-01-28,166.52093505859375,296.9447937011719
2022-01-31,170.87139892578125,299.5648498535156
2022-02-01,170.7052001953125,297.4264221191406
2022-02-02,171.90771484375,301.953857421875
2022-02-03,169.03343200683594,290.1920471191406
2022-02-04,168.74957275390625,294.7098693847656
2022-02-07,168.03497314453125,289.903076171875
2022-02-08,171.1380615234375,293.3804931640625
2022-02-09,172.55743408203125,299.7864074707031
2022-02-10,168.4852752685547,291.2805480957031
2022-02-11,165.07875061035156,284.2099609375
2022-02-14,165.31369018554688,284.17144775390625
2022-02-15,169.14112854003906,289.440673828125
2022-02-16,168.90621948242188,289.10284423828125
2022-02-17,165.31369018554688,280.63726806640625
2022-02-18,163.76707458496094,277.93450927734375
2022-02-22,160.84999084472656,277.7318420410156
2022-02-23,156.68975830078125,270.54034423828125
2022-02-24,159.3033905029297,284.3632507324219
2022-02-25,161.36878967285156,286.98883056640625
2022-02-28,161.6331024169922,288.41754150390625
2022-03-01,159.75364685058594,284.7107849121094
2022-03-02,163.0426788330078,289.7689208984375
2022-03-03,162.71966552734375,285.6471252441406
2022-03-04,159.72427368164062,279.79742431640625
2022-03-07,155.93601989746094,269.2276611328125
2022-03-08,154.11529541015625,266.2738952636719
2022-03-09,159.5089111328125,278.4846496582031
2022-03-10,155.1724853515625,275.6756591796875
2022-03-11,151.46249389648438,270.34735107421875
2022-03-14,147.4393310546875,266.8433532714844
2022-03-15,151.8148956298828,277.1815490722656
2022-03-16,156.21990966796875,284.1701965332031
2022-03-17,157.22811889648438,284.9714050292969
2022-03-18,160.51718139648438,290.0005187988281
2022-03-21,161.8876190185547,288.7746276855469
2022-03-22,165.25497436523438,293.5045166015625
2022-03-23,166.6156005859375,289.0931091308594
2022-03-24,170.39410400390625,293.543212890625
2022-03-25,171.03038024902344,293.1376953125
2022-03-28,171.89181518554688,299.91400146484375
2022-03-29,175.18084716796875,304.4605407714844
2022-03-30,174.01597595214844,302.96435546875
2022-03-31,170.92269897460938,297.6070861816406
2022-04-01,170.6290740966797,298.678466796875
2022-04-04,174.67184448242188,304.0357971191406
2022-04-05,171.36318969726562,300.08782958984375
2022-04-06,168.20143127441406,289.10284423828125
2022-04-07,168.50485229492188,290.9078674316406
2022-04-08,166.49813842773438,286.6606750488281
2022-04-11,162.24981689453125,275.3572082519531
2022-04-12,164.1194610595703,272.26824951171875
2022-04-13,166.8015899658203,277.6352233886719
2022-04-14,161.79953002929688,270.11566162109375
2022-04-18,161.58416748046875,270.7817077636719
2022-04-19,163.86495971679688,275.39581298828125
2022-04-20,163.6985321044922,276.4189758300781
2022-04-21,162.90565490722656,271.06170654296875
2022-04-22,158.37338256835938,264.51708984375
2022-04-25,159.44041442871094,270.9747619628906
2022-04-26,153.48876953125,260.8392639160156
2022-04-27,153.26364135742188,273.3879699707031
2022-04-28,160.1843719482422,279.57550048828125
2022-04-29,154.3208465576172,267.8858642578125
2022-05-02,154.62429809570312,274.5946044921875
2022-05-03,156.11219787597656,271.9979553222656
2022-05-04,162.5141143798828,279.9132995605469
2022-05-05,153.45945739746094,267.72174072265625
2022-05-06,154.1848907470703,265.1927185058594
2022-05-09,149.06761169433594,255.3951110839844
2022-05-10,151.46937561035156,260.14434814453125
2022-05-11,143.61700439453125,251.5049285888672
2022-05-12,139.75453186035156,246.48550415039065
2022-05-13,144.2149658203125,252.05520629882812
2022-05-16,142.6759033203125,252.42202758789065
2022-05-17,146.30308532714844,257.5573425292969
2022-05-18,138.0487823486328,245.830810546875
2022-05-19,134.64707946777344,244.92135620117188
2022-05-20,134.88235473632812,244.36021423339844
2022-05-23,140.29373168945312,252.18751525878903
2022-05-24,137.5978240966797,251.19097900390625
2022-05-25,137.75469970703125,253.996826171875
2022-05-26,140.9505615234375,257.2670593261719
2022-05-27,146.69522094726562,264.3687438964844
2022-05-31,145.91094970703125,263.0431823730469
2022-06-01,145.78350830078125,263.575439453125
2022-06-02,148.23435974121094,265.6651916503906
2022-06-03,142.51905822753906,261.25323486328125
2022-06-06,143.26409912109375,260.02459716796875
2022-06-07,145.78350830078125,263.65283203125
2022-06-08,145.04827880859375,261.6306457519531
2022-06-09,139.83302307128906,256.19305419921875
2022-06-10,134.43141174316406,244.7762451171875
2022-06-13,129.2847442626953,234.39459228515625
2022-06-14,130.14736938476562,236.5521697998047
2022-06-15,132.76487731933594,243.5861358642578
2022-06-16,127.50054168701172,237.0166015625
2022-06-17,128.97100830078125,239.6096038818359
2022-06-21,133.1961669921875,245.5018615722656
2022-06-22,132.68641662597656,244.91168212890625
2022-06-23,135.54896545410156,250.45558166503903
2022-06-24,138.8722686767578,259.0086364746094
2022-06-27,138.8722686767578,256.2898254394531
2022-06-28,134.7353057861328,248.1529083251953
2022-06-29,136.4901123046875,251.81021118164065
2022-06-30,134.0294647216797,248.49156188964844
2022-07-01,136.1959686279297,251.1522674560547
2022-07-05,138.7742462158203,254.31607055664065
2022-07-06,140.1074981689453,257.5670166015625
2022-07-07,143.46998596191406,259.6858825683594
2022-07-08,144.1463623046875,258.9698791503906
2022-07-11,142.0190887451172,255.92222595214844
2022-07-12,142.98960876464844,245.43418884277344
2022-07-13,142.62689208984375,244.5149688720703
2022-07-14,145.54824829101562,245.830810546875
2022-07-15,147.21475219726562,248.38510131835935
2022-07-18,144.1758270263672,245.99530029296875
2022-07-19,148.02847290039062,251.1039123535156
2022-07-20,150.02830505371094,253.75489807128903
2022-07-21,152.2928466796875,256.24151611328125
2022-07-22,151.05763244628906,251.90695190429688
2022-07-25,149.9400634765625,250.4265594482422
2022-07-26,148.6166534423828,243.7215881347656
2022-07-27,153.70452880859375,260.01483154296875
2022-07-28,154.25350952148438,267.4358215332031
2022-07-29,159.31195068359375,271.625244140625
2022-08-01,158.3316192626953,268.98382568359375
2022-08-02,156.8611602783203,265.8974914550781
2022-08-03,162.86068725585938,273.2990417480469
2022-08-04,162.5470428466797,274.4407958984375
2022-08-05,162.3212127685547,273.7248229980469
2022-08-08,161.85000610351562,271.2188415527344
2022-08-09,161.89910888671875,273.1346130371094
2022-08-10,166.13995361328125,279.7718811035156
2022-08-11,165.40370178222656,277.7013244628906
2022-08-12,168.94752502441406,282.4326171875
2022-08-15,170.01760864257812,283.9419860839844
2022-08-16,169.86053466796875,283.2066955566406
2022-08-17,171.35269165039062,282.4600830078125
2022-08-18,170.9600067138672,281.3450012207031
2022-08-19,168.37823486328125,277.4472961425781
2022-08-22,164.5005645751953,269.302734375
2022-08-23,164.16676330566406,268.0326232910156
2022-08-24,164.4612579345703,267.40240478515625
2022-08-25,166.91546630859375,270.3693542480469
2022-08-26,160.62290954589844,259.93658447265625
2022-08-29,158.42398071289062,257.1635437011719
2022-08-30,155.99917602539062,254.9722900390625
2022-08-31,154.34014892578125,253.5178680419922
2022-09-01,155.0665740966797,252.48040771484375
2022-09-02,152.95594787597656,248.27243041992188
2022-09-06,151.69940185546875,245.54786682128903
2022-09-07,153.10324096679688,250.2406768798828
2022-09-08,151.63067626953125,250.65757751464844
2022-09-09,154.48739624023438,256.4170227050781
2022-09-12,160.43638610839844,258.5403137207031
2022-09-13,151.0220489501953,244.3262176513672
2022-09-14,152.4651336669922,244.5492248535156
2022-09-15,149.5789794921875,237.917236328125
2022-09-16,147.93954467773438,237.29672241210935
2022-09-19,151.6503448486328,237.0833740234375
2022-09-20,154.02597045898438,235.07635498046875
2022-09-21,150.90423583984375,231.68276977539065
2022-09-22,149.9421844482422,233.65101623535156
2022-09-23,147.67449951171875,230.68411254882812
2022-09-26,148.00830078125,230.2283935546875
2022-09-27,148.98013305664062,229.22003173828125
2022-09-28,147.0952911376953,233.7383270263672
2022-09-29,139.8701171875,230.27687072753903
2022-09-30,135.66854858398438,225.81675720214844
2022-10-03,139.8406982421875,233.41835021972656
2022-10-04,143.423828125,241.310791015625
2022-10-05,143.7183074951172,241.62103271484375
2022-10-06,142.76608276367188,239.28433227539065
2022-10-07,137.52392578125,227.11602783203125
2022-10-10,137.84786987304688,222.2777862548828
2022-10-11,136.43423461914062,218.5545959472656
2022-10-12,135.8059844970703,218.8842315673828
2022-10-13,140.3707733154297,227.11602783203125
2022-10-14,135.8452606201172,221.6087646484375
2022-10-17,139.80142211914062,230.30596923828125
2022-10-18,141.1168975830078,231.2464599609375
2022-10-19,141.22483825683594,229.28790283203125
2022-10-20,140.7634735107422,228.96795654296875
2022-10-21,144.5723876953125,234.75637817382812
2022-10-24,146.71246337890625,239.7303771972656
2022-10-25,149.54954528808594,243.03662109375
2022-10-26,146.61431884765625,224.28480529785156
2022-10-27,142.14759826660156,219.8538055419922
2022-10-28,152.8872528076172,228.69644165039065
2022-10-31,150.53118896484375,225.0701904296875
2022-11-01,147.89048767089844,221.2306671142578
2022-11-02,142.37344360351562,213.40606689453125
2022-11-03,136.33609008789062,207.7339782714844
2022-11-04,136.0706024169922,214.6568145751953
2022-11-07,136.6015625,220.9397735595703
2022-11-08,137.17190551757812,221.9093475341797
2022-11-09,132.61917114257812,217.6819610595703
2022-11-10,144.41888427734375,235.59019470214844
2022-11-11,147.20167541503906,239.59458923339844
2022-11-14,145.80532836914062,234.2037048339844
2022-11-15,147.5359649658203,234.61094665527344
2022-11-16,146.30686950683594,235.03872680664065
2022-11-17,148.20465087890625,234.9901428222656
2022-11-18,148.76510620117188,234.5428771972656
2022-11-21,145.53985595703125,235.3498687744141
2022-11-22,147.67361450195312,238.2473907470703
2022-11-23,148.54884338378906,240.7268218994141
2022-11-25,145.63821411132812,240.63931274414065
2022-11-28,141.81309509277344,235.06790161132812
2022-11-29,138.8140106201172,233.677490234375
2022-11-30,145.55953979492188,248.0775604248047
2022-12-01,145.83486938476562,247.6400146484375
2022-12-02,145.3431854248047,247.96092224121097
2022-12-05,144.18292236328125,243.27426147460935
2022-12-06,140.5249786376953,238.33489990234375
2022-12-07,138.5878448486328,237.60565185546875
2022-12-08,140.26931762695312,240.55181884765625
2022-12-09,139.78750610351562,238.62660217285156
2022-12-12,142.07859802246094,245.5203399658203
2022-12-13,143.04226684570312,249.8083038330078
2022-12-14,140.82000732421875,250.0999755859375
2022-12-15,134.22198486328125,242.11721801757812
2022-12-16,132.26516723632812,237.91680908203125
2022-12-19,130.16087341308594,233.7941741943359
2022-12-20,130.09205627441406,235.1068115234375
2022-12-21,133.1894989013672,237.66403198242188
2022-12-22,130.02322387695312,231.5967254638672
2022-12-23,129.65940856933594,232.1217803955078
2022-12-27,127.85994720458984,230.4007873535156
2022-12-28,123.93653106689452,228.03805541992188
2022-12-29,127.44693756103516,234.3386688232422
2022-12-30,127.76162719726562,233.18161010742188
2023-01-03,122.98271942138672,232.9482879638672
2023-01-04,124.25119018554688,222.7583465576172
2023-01-05,122.9335479736328,216.1562957763672
2023-01-06,127.45677947998048,218.70376586914065
2023-01-09,127.97793579101562,220.83316040039065
2023-01-10,128.54824829101562,222.51527404785156
2023-01-11,131.26220703125,229.2437438964844
2023-01-12,131.1835174560547,231.90786743164065
2023-01-13,132.51097106933594,232.6079559326172
2023-01-17,133.6713104248047,233.69696044921875
2023-01-18,132.9534912109375,229.28260803222656
2023-01-19,133.01251220703125,225.5100250244141
2023-01-20,135.56907653808594,233.570556640625
2023-01-23,138.7550506591797,235.86524963378903
2023-01-24,140.1513214111328,235.34017944335935
2023-01-25,139.4925079345703,233.9497528076172
2023-01-26,141.55747985839844,241.1352081298828
2023-01-27,143.4945831298828,241.2907562255859
2023-01-30,140.61349487304688,235.99163818359375
2023-01-31,141.88194274902344,240.950439453125
2023-02-01,143.0028839111328,245.7537384033203
2023-02-02,148.302978515625,257.2757263183594
2023-02-03,151.92153930664062,251.1986846923828
2023-02-06,149.19778442382812,249.66241455078125
2023-02-07,152.06907653808594,260.1537780761719
2023-02-08,149.38462829589844,259.3467102050781
2023-02-09,148.35214233398438,256.3228454589844
2023-02-10,148.71652221679688,255.81716918945312
2023-02-13,151.5133819580078,263.8097229003906
2023-02-14,150.87326049804688,264.6361083984375
2023-02-15,152.970947265625,262.5209655761719
2023-02-16,151.3755645751953,255.5319366455078
2023-02-17,150.233154296875,251.5451812744141
2023-02-21,146.2249298095703,246.2912445068359
2023-02-22,146.64842224121094,245.16053771972656
2023-02-23,147.13096618652344,248.33827209472656
2023-02-24,144.4818572998047,242.9283447265625
2023-02-27,145.6734619140625,243.8446350097656
2023-02-28,145.1712188720703,243.12335205078125
2023-03-01,143.1031036376953,240.0528564453125
2023-03-02,143.69395446777344,244.77066040039065
2023-03-03,148.73623657226562,248.8450927734375
2023-03-06,151.49366760253906,250.38522338867188
2023-03-07,149.2975616455078,247.73390197753903
2023-03-08,150.5482940673828,247.2952880859375
2023-03-09,148.30288696289062,245.9501037597656
2023-03-10,146.24462890625,242.31423950195312
2023-03-13,148.1847381591797,247.50970458984375
2023-03-14,150.27252197265625,254.20626831054688
2023-03-15,150.6664276123047,258.7388916015625
2023-03-16,153.4830322265625,269.2272033691406
2023-03-17,152.64593505859375,272.375732421875
2023-03-20,155.00946044921875,265.35748291015625
2023-03-21,156.86094665527344,266.8682861328125
2023-03-22,155.43295288085938,265.4159240722656
2023-03-23,156.5162353515625,270.6504211425781
2023-03-24,157.8162078857422,273.4869079589844
2023-03-27,155.87611389160156,269.4027099609375
2023-03-28,155.25567626953125,268.2817687988281
2023-03-29,158.3282928466797,273.4284362792969
2023-03-30,159.89414978027344,276.87908935546875
2023-03-31,162.3955535888672,281.02178955078125
2023-04-03,163.6463165283203,279.9787292480469
2023-04-04,163.11447143554688,279.9300231933594
2023-04-05,161.27288818359375,277.1617126464844
2023-04-06,162.15924072265625,284.238525390625
2023-04-10,159.5691375732422,282.08428955078125
2023-04-11,158.35784912109375,275.68988037109375
2023-04-12,157.66847229003906,276.33319091796875
2023-04-13,163.04554748535156,282.5228576660156
2023-04-14,162.70089721679688,278.91632080078125
2023-04-17,162.72056579589844,281.5091552734375
2023-04-18,163.94171142578125,281.0899658203125
2023-04-19,165.08412170410156,281.1680603027344
2023-04-20,164.1189727783203,278.8870544433594
2023-04-21,162.5137481689453,278.5458679199219
2023-04-24,162.8190460205078,274.6566162109375
2023-04-25,161.2827606201172,268.4669189453125
2023-04-26,161.27288818359375,287.9132995605469
2023-04-27,165.85226440429688,297.1344299316406
2023-04-28,167.10296630859375,299.50311279296875
2023-05-01,167.01434326171875,297.8459777832031
2023-05-02,165.9802703857422,297.6997985839844
2023-05-03,164.9068603515625,296.7153015136719
2023-05-04,163.27203369140625,297.6997985839844
2023-05-05,170.9339141845703,302.80755615234375
2023-05-08,170.86495971679688,300.8580627441406
2023-05-09,169.16122436523438,299.24969482421875
2023-05-10,170.92405700683594,304.4256591796875
2023-05-11,171.1111602783203,302.28118896484375
2023-05-12,170.1841583251953,301.1699523925781
2023-05-15,169.6910858154297,301.6475830078125
2023-05-16,169.6910858154297,303.8700256347656
2023-05-17,170.30250549316406,306.7420349121094
2023-05-18,172.6298828125,311.15753173828125
2023-05-19,172.7383575439453,310.98175048828125
2023-05-22,171.79161071777344,313.7560729980469
2023-05-23,169.1881103515625,307.97296142578125
2023-05-24,169.46424865722656,306.5955810546875
2023-05-25,170.59832763671875,318.3865661621094
2023-05-26,173.0045928955078,325.19537353515625
2023-05-30,174.8487548828125,323.5542907714844
2023-05-31,174.7994384765625,320.7994689941406
2023-06-01,177.6001739501953,324.89251708984375
2023-06-02,178.4483184814453,327.64739990234375
2023-06-05,177.0972137451172,328.1748962402344
2023-06-06,176.73236083984375,325.96722412109375
2023-06-07,175.361572265625,315.9052429199219
2023-06-08,178.0735626220703,317.7418518066406
2023-06-09,178.45816040039062,319.2364807128906
2023-06-12,181.24900817871097,324.17950439453125
2023-06-13,180.77566528320312,326.5631103515625
2023-06-14,181.4068298339844,329.5425720214844
2023-06-15,183.43833923339844,340.0538024902344
2023-06-16,182.3634033203125,334.417236328125
2023-06-20,182.45216369628903,330.2361755371094
2023-06-21,181.4167022705078,325.8500061035156
2023-06-22,184.41465759277344,331.8577575683594
2023-06-23,184.0990447998047,327.27618408203125
2023-06-26,182.7085876464844,321.0046691894531
2023-06-27,185.45997619628903,326.8366394042969
2023-06-28,186.6335296630859,328.0870056152344
2023-06-29,186.96885681152344,327.3054504394531
2023-06-30,191.2882843017578,332.6686096191406
2023-07-03,189.79917907714844,330.1775817871094
2023-07-05,188.68478393554688,330.3338623046875
2023-07-06,189.15814208984375,333.3817443847656
2023-07-07,188.04376220703125,329.42535400390625
2023-07-10,186.00238037109375,324.1598815917969
2023-07-11,185.4797515869141,324.78515625
2023-07-12,187.14637756347656,329.40582275390625
2023-07-13,187.9057159423828,334.7395935058594
2023-07-14,188.05364990234375,337.2599792480469
2023-07-17,191.3080139160156,337.7386779785156
2023-07-18,191.0515899658203,351.1806335449219
2023-07-19,192.40267944335935,346.87249755859375
2023-07-20,190.45993041992188,338.852294921875
2023-07-21,189.28634643554688,335.8240051269531
2023-07-24,190.0851593017578,337.1329345703125
2023-07-25,190.9431304931641,342.8673095703125
2023-07-26,191.8109436035156,329.962646484375
2023-07-27,190.54864501953125,323.07562255859375
2023-07-28,193.12257385253903,330.5487976074219
2023-07-31,193.7340087890625,328.15545654296875
2023-08-01,192.90560913085935,328.5656433105469
2023-08-02,189.91749572753903,319.9300231933594
2023-08-03,188.52700805664065,319.1094970703125
2023-08-04,179.4739227294922,320.2034912109375
2023-08-07,176.3773193359375,322.4797058105469
2023-08-08,177.3141632080078,318.5135192871094
2023-08-09,175.7264404296875,314.7818298339844
2023-08-10,175.5094757080078,315.46563720703125
2023-08-11,175.56875610351562,313.59002685546875
2023-08-14,177.21791076660156,316.54998779296875
2023-08-15,175.2329864501953,314.4203186035156
2023-08-16,174.36399841308594,313.65679931640625
2023-08-17,171.8261260986328,310.21087646484375
2023-08-18,172.3099822998047,309.8193054199219
2023-08-21,173.64309692382812,315.1056823730469
2023-08-22,175.01576232910156,315.6734313964844
2023-08-23,178.85714721679688,320.1178894042969
2023-08-24,174.17637634277344,313.23583984375
2023-08-25,176.37847900390625,316.1825256347656
2023-08-28,177.93878173828125,316.88739013671875
2023-08-29,181.81964111328125,321.49822998046875
2023-08-30,185.30555725097656,321.8702087402344
2023-08-31,185.5228271484375,320.8619079589844
2023-09-01,187.09295654296875,321.7430114746094
2023-09-05,187.32994079589844,326.5299987792969
2023-09-06,180.62478637695312,325.8741760253906
2023-09-07,175.34161376953125,322.9666748046875
2023-09-08,175.95387268066406,327.23486328125
2023-09-11,177.11915588378906,330.8276672363281
2023-09-12,174.09735107421875,324.7875061035156
2023-09-13,172.0334930419922,328.9872131347656
2023-09-14,173.5443572998047,331.5716552734375
2023-09-15,172.82347106933594,323.2701416015625
2023-09-18,175.74647521972656,322.1345520019531
2023-09-19,176.83274841308594,321.733154296875
2023-09-20,173.29747009277344,314.01904296875
2023-09-21,171.7570037841797,312.8051452636719
2023-09-22,172.606201171875,310.3381652832031
2023-09-25,173.88011169433594,310.8570251464844
2023-09-26,169.8115997314453,305.5706787109375
2023-09-27,168.30068969726562,306.2070007324219
2023-09-28,168.55746459960938,307.03912353515625
2023-09-29,169.0709686279297,309.10467529296875
2023-10-02,171.5792236328125,315.02728271484375
2023-10-03,170.24609375,306.7943420410156
2023-10-04,171.4903564453125,312.2471008300781
2023-10-05,172.72474670410156,312.6386413574219
2023-10-06,175.2725067138672,320.3724060058594
2023-10-09,176.75376892089844,322.8785705566406
2023-10-10,176.1612548828125,321.4786376953125
2023-10-11,177.55360412597656,325.4238586425781
2023-10-12,178.4522705078125,324.1903381347656
2023-10-13,176.61549377441406,320.83258056640625
2023-10-16,176.4871368408203,325.6391906738281
2023-10-17,174.93675231933594,325.0714111328125
2023-10-18,173.64309692382812,323.1624450683594
2023-10-19,173.26785278320312,324.34698486328125
2023-10-20,170.7200927734375,319.7948913574219
2023-10-23,170.83859252929688,322.3891296386719
2023-10-24,171.27310180664062,323.5736083984375
2023-10-25,168.9623565673828,333.500244140625
2023-10-26,164.804931640625,320.9891662597656
2023-10-27,166.11831665039062,322.8687744140625
2023-10-30,168.16244506835938,330.2109069824219
2023-10-31,168.63645935058594,330.9941101074219
2023-11-01,171.7964630126953,338.78662109375
2023-11-02,175.3515167236328,340.9892272949219
2023-11-03,174.4429931640625,345.3749084472656
2023-11-06,176.99072265625,349.0263977050781
2023-11-07,179.54843139648438,352.9422607421875
2023-11-08,180.6050262451172,355.5561218261719
2023-11-09,180.1310272216797,353.098876953125
2023-11-10,184.3136749267578,361.8899230957031
2023-11-13,182.73159790039065,358.9627990722656
2023-11-14,185.342041015625,362.4772033691406
2023-11-15,185.9056396484375,362.6244201660156
2023-11-16,187.5866546630859,369.00048828125
2023-11-17,187.5668487548828,362.8009338378906
2023-11-20,189.30715942382812,370.2462768554687
2023-11-21,188.5062255859375,365.9595947265625
2023-11-22,189.1687469482422,370.6484680175781
2023-11-24,187.84373474121097,370.2365112304687
2023-11-27,187.6657562255859,371.39398193359375
2023-11-28,188.26889038085935,375.4060668945313
2023-11-29,187.2504425048828,371.6294250488281
2023-11-30,187.82394409179688,371.6882629394531
2023-12-01,189.0995178222656,367.37213134765625
2023-12-04,187.3097686767578,362.1045227050781
2023-12-05,191.2551116943359,365.4200134277344
2023-12-06,190.16744995117188,361.7709655761719
2023-12-07,192.09559631347656,363.8800048828125
2023-12-08,193.51950073242188,367.0974731445313
2023-12-11,191.0177764892578,364.2232971191406
2023-12-12,192.53065490722656,367.2446594238281
2023-12-13,195.7443084716797,367.23480224609375
2023-12-14,195.8926239013672,358.9556884765625
2023-12-15,195.3586578369141,363.6642150878906
2023-12-18,193.69747924804688,365.547607421875
2023-12-19,194.73570251464844,366.1459655761719
2023-12-20,192.6493377685547,363.5562438964844
2023-12-21,192.50100708007812,366.420654296875
2023-12-22,191.43310546875,367.4408264160156
2023-12-26,190.8892517089844,367.519287109375
2023-12-27,190.9881134033203,366.94049072265625
2023-12-28,191.4133148193359,368.1274719238281
2023-12-29,190.3750762939453,368.8730163574219
2024-01-02,183.5622100830078,363.801513671875
2024-01-03,182.18777465820312,363.53668212890625
2024-01-04,179.87391662597656,360.9273986816406
2024-01-05,179.152099609375,360.740966796875
2024-01-08,183.4831085205078,367.5486755371094
2024-01-09,183.0677795410156,368.6277465820313
2024-01-10,184.1060485839844,375.4747314453125
2024-01-11,183.5127716064453,377.2992858886719
2024-01-12,183.83905029296875,381.0660705566406
2024-01-16,181.57467651367188,382.8317260742187
2024-01-17,180.6352996826172,382.0470275878906
2024-01-18,186.51870727539065,386.3631591796875
2024-01-19,189.4159240722656,391.0716247558594
2024-01-22,191.7198486328125,388.9528503417969
2024-01-23,192.99542236328125,391.2972412109375
2024-01-24,192.3230133056641,394.887451171875
2024-01-25,191.99673461914065,397.1535034179687
2024-01-26,190.2663116455078,396.2314453125
2024-01-29,189.5840301513672,401.91107177734375
2024-01-30,185.93533325195312,400.8025817871094
2024-01-31,182.3360595703125,390.0024108886719
2024-02-01,184.76852416992188,396.0843200683594
2024-02-02,183.7698516845703,403.3824768066406
2024-02-05,185.5793609619141,397.9185791015625
2024-02-06,187.1812286376953,397.76165771484375
2024-02-07,187.28997802734375,406.1585083007813
2024-02-08,186.2122039794922,406.2173767089844
2024-02-09,186.97454833984375,412.5346374511719
2024-02-12,185.29139709472656,407.345458984375
2024-02-13,183.20236206054688,398.5758361816406
2024-02-14,182.3212127685547,402.4282531738281
2024-02-15,182.03407287597656,399.5487976074219
2024-02-16,180.49949645996097,397.0919494628906
2024-02-20,179.75692749023438,395.8437805175781
2024-02-21,180.5093994140625,395.2442932128906
2024-02-22,182.53903198242188,404.5509643554687
2024-02-23,180.7073974609375,403.26361083984375
2024-02-26,179.3609161376953,400.5119018554687
2024-02-27,180.8162841796875,400.4529724121094
2024-02-28,179.6183319091797,400.6887817382813
2024-02-29,178.95498657226562,406.5067443847656
2024-03-01,177.87579345703125,408.3345947265625
2024-03-04,173.361083984375,407.7646484375
2024-03-05,168.43051147460938,395.7062072753906
2024-03-06,167.44049072265625,395.1558837890625
2024-03-07,167.32167053222656,402.0842895507813
2024-03-08,169.0345001220703,399.2146301269531
2024-03-11,171.03443908691406,397.5439453125
2024-03-12,171.50965881347656,408.1184387207031
2024-03-13,169.43052673339844,407.9415283203125
2024-03-14,171.28195190429688,417.8869934082031
2024-03-15,170.9057159423828,409.23876953125
2024-03-18,171.9947967529297,410.1232299804687
2024-03-19,174.33135986328125,414.14263916015625
2024-03-20,176.8956298828125,417.8968200683594
2024-03-21,169.66812133789062,421.9654235839844
2024-03-22,170.56910705566406,421.3463134765625
2024-03-25,169.15330505371094,415.5676879882813
2024-03-26,168.02464294433594,414.3785400390625
2024-03-27,171.58885192871094,414.162353515625
2024-03-28,169.7770233154297,413.4645690917969
2024-04-01,168.34146118164062,417.2481689453125
2024-04-02,167.16326904296875,414.1721801757813
2024-04-03,167.9652099609375,413.1992492675781
2024-04-04,167.14344787597656,410.6736145019531
2024-04-05,167.89588928222656,418.1817626953125
2024-04-08,166.77711486816406,417.2678527832031
2024-04-09,167.9850311279297,418.9287109375
2024-04-10,166.11378479003906,415.9607849121094
2024-04-11,173.30169677734375,420.5502014160156
2024-04-12,174.79669189453125,414.6242065429687
2024-04-15,170.9750213623047,406.5067443847656
2024-04-16,167.6978759765625,407.4304809570313
2024-04-17,166.3316192626953,404.7376708984375
2024-04-18,165.38111877441406,397.2983093261719
2024-04-19,163.3613739013672,392.2370910644531
2024-04-22,164.19305419921875,394.04534912109375
2024-04-23,165.24252319335938,400.5414123535156
2024-04-24,167.34146118164062,402.0056762695313
2024-04-25,168.2028350830078,392.1585083007813
2024-04-26,167.61868286132812,399.3128967285156
2024-04-29,171.7769775390625,395.3131103515625
2024-04-30,168.63845825195312,382.6158752441406
2024-05-01,167.61868286132812,388.129150390625
2024-05-02,171.31166076660156,390.9791564941406
2024-05-03,181.55889892578125,399.6470642089844
2024-05-06,179.90545654296875,406.4084167480469
2024-05-07,180.58859252929688,402.2807922363281
2024-05-08,180.92523193359375,403.4601440429687
2024-05-09,182.737060546875,405.2094421386719
2024-05-10,181.47796630859375,407.5877380371094
2024-05-13,184.68020629882812,406.5853271484375
2024-05-14,185.8203125,409.3763427734375
2024-05-15,188.09068298339844,416.5338745117187
2024-05-16,188.2096405029297,414.47613525390625
2024-05-17,188.2393798828125,413.7082824707031
2024-05-20,189.3993377685547,418.7588806152344
2024-05-21,190.69810485839844,422.401611328125
2024-05-22,189.2605438232422,423.8587341308594
2024-05-23,185.2750701904297,420.3931579589844
2024-05-24,188.34844970703125,423.5042724609375
2024-05-28,188.3583526611328,423.6618347167969
2024-05-29,188.65577697753903,422.5296630859375
2024-05-30,189.64718627929688,408.2540283203125
2024-05-31,190.5989532470703,408.7068481445313
2024-06-03,192.36366271972656,407.1217651367187
2024-06-04,192.6808929443359,409.63232421875
2024-06-05,194.18785095214844,417.449462890625
2024-06-06,192.80978393554688,417.9515686035156
2024-06-07,195.19908142089844,417.2919616699219
2024-06-10,191.46148681640625,421.249755859375
2024-06-11,205.3709716796875,425.9853515625
2024-06-12,211.2401580810547,434.2356567382813
2024-06-13,212.4000701904297,434.74761962890625
2024-06-14,210.6651153564453,435.7222900390625
2024-06-17,214.8092498779297,441.4325866699219
2024-06-18,212.4496612548828,439.4339294433594
2024-06-20,207.87924194335935,438.8039245605469
2024-06-21,205.70806884765625,442.82073974609375
2024-06-24,206.3524627685547,440.743408203125
2024-06-25,207.2745056152344,443.9726257324219
2024-06-26,211.41859436035156,445.1639099121094
2024-06-27,212.2613067626953,445.8432312011719
2024-06-28,208.81117248535156,440.0345153808594
2024-07-01,214.88853454589844,449.6632080078125
2024-07-02,218.37831115722656,452.17376708984375
2024-07-03,219.64732360839844,453.64068603515625
2024-07-05,224.39617919921875,460.3255920410156
2024-07-08,225.86346435546875,459.0260314941406
2024-07-09,226.71609497070312,452.4296875
2024-07-10,230.97914123535156,459.0359497070313
2024-07-11,225.61561584472656,447.6646423339844
2024-07-12,228.5601043701172,446.5323791503906
2024-07-15,232.3869781494141,446.9360656738281
2024-07-16,232.80335998535156,442.5647888183594
2024-07-17,226.9143829345703,436.6575927734375
2024-07-18,222.25473022460935,433.5563049316406
2024-07-19,222.38360595703125,430.3467712402344
2024-07-22,222.03662109375,436.0865478515625
2024-07-23,223.07760620117188,437.9670104980469
2024-07-24,216.6631774902344,422.2638244628906
2024-07-25,215.62217712402344,411.92626953125
2024-07-26,216.088134765625,418.68994140625
2024-07-29,216.36575317382812,420.12738037109375
2024-07-30,216.92091369628903,416.3763427734375
2024-07-31,220.1727752685547,411.8770751953125
2024-08-01,216.4847412109375,410.6562194824219
2024-08-02,217.97181701660156,402.1695861816406
2024-08-05,207.47279357910156,389.0360107421875
2024-08-06,205.4502868652344,393.4270324707031
2024-08-07,208.01806640625,392.2652282714844
2024-08-08,211.47808837890625,396.4593505859375
2024-08-09,214.3829345703125,399.73785400390625
2024-08-12,215.91146850585935,400.51556396484375
2024-08-13,219.6236572265625,407.6042175292969
2024-08-14,220.07028198242188,410.41009521484375
2024-08-15,223.0479736328125,415.2626953125
2024-08-16,224.3680725097656,412.7377624511719
2024-08-19,224.20925903320312,415.7558288574219
2024-08-20,224.8246307373047,418.9810485839844
2024-08-21,224.7154541015625,418.3301086425781
2024-08-22,222.859375,409.8577270507813
2024-08-23,225.15220642089844,411.0807800292969
2024-08-26,225.4896545410156,407.8259582519531
2024-08-27,226.3333282470703,408.1711730957031
2024-08-28,224.80482482910156,404.9755859375
2024-08-29,228.08026123046875,407.4610290527344
2024-08-30,227.2961273193359,411.426025390625
2024-09-03,221.11248779296875,403.8315124511719
2024-09-04,219.20675659179688,403.298828125
2024-09-05,220.72540283203125,402.7958068847656
2024-09-06,219.17697143554688,396.1974792480469
2024-09-09,219.26632690429688,400.1624450683594
2024-09-10,218.47227478027344,408.5262756347656
2024-09-11,221.0033264160156,417.24517822265625
2024-09-12,221.11248779296875,421.1509094238281
2024-09-13,220.8444671630859,424.6917724609375
2024-09-16,214.71047973632812,425.4314575195313
2024-09-17,215.1769561767578,429.1892700195313
2024-09-18,219.04795837402344,424.9087219238281
2024-09-19,227.16709899902344,432.6807861328125
2024-09-20,226.50205993652344,429.3076477050781
2024-09-23,224.7849578857422,427.57177734375
2024-09-24,225.6782684326172,423.2911682128906
2024-09-25,224.68568420410156,426.1908874511719
2024-09-26,225.82716369628903,425.4018859863281
2024-09-27,226.09510803222656,422.1569519042969
2024-09-30,231.266357421875,424.40570068359375
2024-10-01,224.52691650390625,414.9273681640625
2024-10-02,225.09263610839844,411.41607666015625
2024-10-03,223.9908905029297,410.834228515625
2024-10-04,225.1125030517578,410.36077880859375
2024-10-07,220.04051208496097,403.93011474609375
2024-10-08,224.09014892578125,409.0292663574219
2024-10-09,227.83209228515625,411.7416076660156
2024-10-10,227.33583068847656,410.1437683105469
2024-10-11,225.85693359375,410.6171875
2024-10-14,229.5790100097656,413.3985595703125
2024-10-15,232.1100311279297,413.0040588378906
2024-10-16,230.0554351806641,410.4198913574219
2024-10-17,230.42266845703125,411.0117492675781
2024-10-18,233.25144958496097,412.4319763183594
2024-10-21,234.7204742431641,413.04345703125
2024-10-22,234.1051025390625,421.6539611816406
2024-10-23,229.0430145263672,418.7838134765625
2024-10-24,228.85446166992188,418.91204833984375
2024-10-25,229.68820190429688,422.2851867675781
2024-10-28,231.66339111328125,420.7465515136719
2024-10-29,231.931396484375,426.0330810546875
2024-10-30,228.3879547119141,426.605224609375
2024-10-31,224.2291259765625,400.7837829589844
2024-11-01,221.25144958496097,404.7486877441406
2024-11-04,220.3581085205078,402.8648986816406
2024-11-05,221.78741455078125,405.8238220214844
2024-11-06,221.06283569335935,414.42431640625
2024-11-07,225.78744506835935,419.6023864746094
2024-11-08,225.51914978027344,416.7519836425781
2024-11-11,222.80648803710935,412.2840881347656
2024-11-12,222.80648803710935,417.23529052734375
2024-11-13,223.6908264160156,419.3756103515625
2024-11-14,226.77114868164065,421.0424499511719
2024-11-15,223.5716094970703,409.3153381347656
2024-11-18,226.57241821289065,410.0649108886719
2024-11-19,226.83074951171875,412.0670776367187
2024-11-20,227.54620361328125,409.7986145019531
2024-11-21,227.0692443847656,408.0295715332031
2024-11-22,228.4106903076172,412.1111450195313
2024-11-25,231.39163208007812,413.8801574707031
2024-11-26,233.56773376464844,422.9722900390625
2024-11-27,233.43853759765625,418.0308837890625
2024-11-29,235.8233184814453,418.4954223632813
2024-12-02,238.0689392089844,425.92724609375
2024-12-03,241.1095428466797,426.1446533203125
2024-12-04,241.46725463867188,432.2917785644531
2024-12-05,241.49705505371097,437.4307861328125
2024-12-06,241.29830932617188,438.3696594238281
2024-12-09,245.1835174560547,440.7908935546875
2024-12-10,246.19705200195312,438.1324462890625
2024-12-11,244.92514038085935,443.7261047363281
2024-12-12,246.3858184814453,444.2893981933594
2024-12-13,246.55474853515625,442.0262145996094
2024-12-16,249.44625854492188,446.2956237792969
2024-12-17,251.87078857421875,449.1319885253906
2024-12-18,246.4752655029297,432.2621154785156
2024-12-19,248.2041931152344,431.9062805175781
2024-12-20,252.87437438964844,431.4813537597656
2024-12-23,253.64942932128903,430.1471862792969
2024-12-24,256.56085205078125,434.1793212890625
2024-12-26,257.3756103515625,432.9736633300781
2024-12-27,253.9673767089844,425.4825439453125
2024-12-30,250.5988922119141,419.8493347167969
2024-12-31,248.83021545410156,416.5584106445313
2025-01-02,242.3019256591797,413.6726379394531
2025-01-03,241.8150177001953,418.38671875
2025-01-06,243.4446258544922,422.8339538574219
2025-01-07,240.67233276367188,417.4181823730469
2025-01-08,241.1592254638672,419.5825500488281
2025-01-10,235.3463592529297,414.038330078125
2025-01-13,232.9119110107422,412.2989501953125
2025-01-14,231.79901123046875,410.7967529296875
2025-01-15,236.35987854003903,421.31201171875
2025-01-16,226.81088256835935,419.6022338867187
2025-01-17,228.5199737548828,424.0000915527344
2025-01-21,221.22657775878903,423.4762878417969
2025-01-22,222.40899658203125,440.9688415527344
2025-01-23,222.2401123046875,441.4728393554687
2025-01-24,221.3656768798828,438.8539123535156
2025-01-27,228.40074157714844,429.46527099609375
2025-01-28,236.74740600585935,441.95709228515625
2025-01-29,237.8404083251953,437.1441955566406
2025-01-30,236.0816345214844,410.1246948242187
2025-01-31,234.5017547607422,410.19384765625
2025-02-03,226.56246948242188,406.1024475097656
2025-02-04,231.32208251953125,407.5354309082031
2025-02-05,230.9941864013672,408.4446716308594
2025-02-06,231.73939514160156,410.9450378417969
2025-02-07,226.18490600585935,404.9461364746094
2025-02-10,226.45346069335935,407.38720703125
2025-02-11,231.3973388671875,406.6163330078125
2025-02-12,235.62501525878903,404.2444763183594
2025-02-13,240.2605133056641,405.7268981933594
2025-02-14,243.31439208984375,403.6416015625
2025-02-18,243.18507385253903,404.8374328613281
2025-02-19,243.5829620361328,409.90728759765625
2025-02-20,244.5379180908203,412.0759887695313
2025-02-21,244.2593994140625,404.2331237792969
2025-02-24,245.80125427246097,400.0641174316406
2025-02-25,245.74154663085935,394.0235900878906
2025-02-26,239.09666442871097,395.8357543945313
2025-02-27,236.05276489257812,388.7059020996094
2025-02-28,240.56887817382812,393.1224365234375
2025-03-03,236.7789001464844,384.7052612304687
2025-03-04,234.68994140625,384.8240356445313
2025-03-05,234.50094604492188,397.1131591796875
2025-03-06,234.09310913085935,393.0234069824219
2025-03-07,237.81346130371097,389.4783020019531
2025-03-10,226.28436279296875,376.4563903808594
2025-03-11,219.6792755126953,376.7435607910156
2025-03-12,215.83956909179688,379.53607177734375
2025-03-13,208.57791137695312,375.0799255371094
2025-03-14,212.3679046630859,384.7745361328125
2025-03-17,212.87521362304688,384.9132385253906
2025-03-18,211.5720977783203,379.78363037109375
2025-03-19,214.10870361328125,384.0418090820313
2025-03-20,212.9747009277344,383.07135009765625
2025-03-21,217.12277221679688,387.4482421875
2025-03-24,219.56983947753903,389.2505187988281
2025-03-25,222.5739593505859,391.3102416992187
2025-03-26,220.3656311035156,386.1708068847656
2025-03-27,222.67344665527344,386.7748718261719
2025-03-28,216.7547149658203,375.109619140625
2025-03-31,220.9624786376953,371.73291015625
2025-04-01,222.0169219970703,378.4666137695313
2025-04-02,222.71324157714844,378.4171447753906
2025-04-03,202.12205505371097,369.47503662109375
2025-04-04,187.3898773193359,356.3343505859375
2025-04-07,180.5062561035156,354.3736572265625
2025-04-08,171.51377868652344,351.1058044433594
2025-04-09,197.8048553466797,386.6857604980469
2025-04-10,189.41915893554688,377.6347961425781
2025-04-11,197.1085205078125,384.6656799316406
2025-04-14,201.45555114746097,384.0318603515625
2025-04-15,201.0775604248047,381.9721374511719
2025-04-16,193.24891662597656,367.98968505859375
2025-04-17,195.94467163085935,364.1969909667969
2025-04-21,192.14474487304688,355.6213684082031
2025-04-22,198.6901702880859,363.2463684082031
2025-04-23,203.52462768554688,370.74261474609375
2025-04-24,207.27479553222656,383.52679443359375
2025-04-25,208.18003845214844,388.0325012207031
2025-04-28,209.03549194335935,387.3492126464844
2025-04-29,210.09988403320312,390.201171875
2025-04-30,211.38311767578125,391.4092712402344
2025-05-01,212.1988067626953,421.255615234375
2025-05-02,204.27069091796875,431.0393981933594
2025-05-05,197.8446350097656,431.9207458496094
2025-05-06,197.46661376953125,429.0885925292969
2025-05-07,195.2185211181641,429.1282043457031
2025-05-08,196.45199584960935,433.9012451171875
2025-05-09,197.48654174804688,434.455810546875
2025-05-12,209.95704650878903,444.8832092285156
2025-05-13,212.08859252929688,444.7643737792969
2025-05-14,211.490966796875,448.52734375
2025-05-15,210.6144561767578,449.5392761230469
2025-05-16,210.4252166748047,450.6702270507813
2025-05-19,207.9550018310547,455.2337951660156
2025-05-20,206.04258728027344,454.5393676757813
2025-05-21,201.29144287109375,448.9837036132813
2025-05-22,200.5643310546875,451.2555541992187
2025-05-23,194.4983673095703,446.6126403808594
2025-05-27,199.4188690185547,457.0393676757813
2025-05-28,199.62803649902344,453.7357482910156
2025-05-29,199.15988159179688,455.0453186035156
2025-05-30,200.0563507080078,456.71197509765625
2025-06-02,200.90298461914065,458.3092651367187
2025-06-03,202.46678161621097,459.30126953125
2025-06-04,202.0185546875,460.1941528320313
2025-06-05,199.8372039794922,463.9739685058594
2025-06-06,203.11419677734375,466.6525573730469
2025-06-09,200.65396118164065,469.0038146972656
2025-06-10,201.869140625,467.1883239746094
2025-06-11,197.9945068359375,468.8748168945313
2025-06-12,198.4128570556641,475.0753173828125
2025-06-13,195.67372131347656,471.1962585449219
2025-06-16,197.6359405517578,475.34320068359375
2025-06-17,194.8669281005859,474.25189208984375
2025-06-18,195.80319213867188,476.4344482421875
2025-06-20,200.2057647705078,473.6169128417969
2025-06-23,200.70376586914065,482.1488342285156
2025-06-24,199.5084991455078,486.2262268066406
2025-06-25,200.76351928710935,488.369140625
2025-06-26,200.2057647705078,493.5080871582031
2025-06-27,200.2854461669922,492.0100708007813
2025-06-30,204.3592529296875,493.4683837890625
2025-07-01,206.9987945556641,488.15081787109375
2025-07-02,211.6005401611328,487.198486328125
2025-07-03,212.7061462402344,494.8870849609375
2025-07-07,209.1203765869141,493.7759094238281
2025-07-08,209.1801300048828,492.68463134765625
2025-07-09,210.30567932128903,499.52008056640625
2025-07-10,211.57064819335935,497.5061340332031
2025-07-11,210.3256072998047,499.33154296875
2025-07-14,207.7956085205078,499.0339050292969
2025-07-15,208.28369140625,501.811767578125
2025-07-16,209.3295440673828,501.61334228515625
2025-07-17,209.19009399414065,507.6451416015625
2025-07-18,210.3455047607422,506.0082092285156
2025-07-21,211.6403656005859,506.0181579589844
2025-07-22,213.5527801513672,501.26611328125
2025-07-23,213.30377197265625,501.861328125
2025-07-24,212.91531372070312,506.8316650390625
2025-07-25,213.0348358154297,509.6392822265625
2025-07-28,213.2041931152344,508.4388122558594
2025-07-29,210.43516540527344,508.5082702636719
2025-07-30,208.22393798828125,509.1729431152344
2025-07-31,206.7497711181641,529.2723999023438
2025-08-01,201.58029174804688,519.9568481445312
2025-08-04,202.5464630126953,531.3953857421875
2025-08-05,202.11814880371097,523.5679321289062
2025-08-06,212.40733337402344,520.7802124023438
2025-08-07,219.16053771972656,516.7127075195312
2025-08-08,228.44371032714844,517.9032592773438
2025-08-11,226.53909301757812,517.6353759765625
2025-08-12,229.0021209716797,525.046142578125
2025-08-13,232.6717529296875,516.4547729492188
2025-08-14,232.123291015625,518.3396606445312
2025-08-15,230.9366455078125,516.0479736328125
2025-08-18,230.23863220214844,513.0023803710938
2025-08-19,229.90956115722656,505.73040771484375
2025-08-20,225.3723907470703,501.7125244140625
2025-08-21,224.2655334472656,501.0665893554687
2025-08-22,227.11746215820312,504.037841796875
2025-08-25,226.51914978027344,501.0865173339844
2025-08-26,228.6630859375,498.8804931640625
2025-08-27,229.8397674560547,503.5508728027344
2025-08-28,231.9039306640625,506.4326477050781
2025-08-29,231.485107421875,503.501220703125
2025-09-02,229.0719451904297,501.9410705566406
2025-09-03,237.79725646972656,502.1696472167969
2025-09-04,239.10354614257812,504.7731628417969
2025-09-05,239.0137939453125,491.8847961425781
2025-09-08,237.2089080810547,495.0646362304687
2025-09-09,233.6888732910156,495.2733459472656
2025-09-10,226.1501922607422,497.2209777832031
2025-09-11,229.3810577392578,497.8569641113281
2025-09-12,233.40966796875,506.6910095214844
2025-09-15,236.0322265625,512.1166381835938
2025-09-16,237.4781494140625,505.83642578125
2025-09-17,238.3157958984375,506.8102416992187
2025-09-18,237.2089080810547,505.2501525878906
2025-09-19,244.8074188232422,514.67041015625
2025-09-22,255.35755920410156,511.21234130859375
2025-09-23,253.71221923828125,506.0252685546875
2025-09-24,251.59820556640625,506.9394226074219
2025-09-25,256.14532470703125,503.8390808105469
2025-09-26,254.73931884765625,508.2411804199219
2025-09-29,253.71221923828125,511.36138916015625
2025-09-30,253.9116668701172,514.6903686523438
2025-10-01,254.72933959960935,516.4393310546875
2025-10-02,256.40460205078125,512.4942626953125
2025-10-03,257.2920837402344,514.0940551757812
2025-10-06,255.96583557128903,525.2435302734375
2025-10-07,255.75645446777344,520.682373046875
2025-10-08,257.3320007324219,521.546875
2025-10-09,253.32330322265625,519.1123657226562
2025-10-10,244.57806396484375,507.7443237304687
2025-10-13,246.9613342285156,510.81488037109375
2025-10-14,247.07101440429688,510.337890625
2025-10-15,248.63658142089844,510.1987609863281
2025-10-16,246.75192260742188,508.3902282714844
2025-10-17,251.5782470703125,510.347900390625
2025-10-20,261.50018310546875,513.53759765625
2025-10-21,262.0286560058594,514.4021606445312
2025-10-22,257.72088623046875,517.2640380859375
2025-10-23,258.84765625,517.283935546875
2025-10-24,262.0785827636719,520.314697265625
2025-10-27,268.0516662597656,528.1749877929688
2025-10-28,268.2411193847656,538.6585693359375
2025-10-29,268.93914794921875,538.141845703125
2025-10-30,270.63433837890625,522.451171875
2025-10-31,269.6072692871094,514.5512084960938
2025-11-03,268.29095458984375,513.776123046875
2025-11-04,269.2781982421875,511.0931701660156
2025-11-05,269.3779296875,503.9682312011719
2025-11-06,269.0089416503906,493.9715576171875
2025-11-07,267.7126159667969,493.6933288574219
2025-11-10,268.93035888671875,502.8155212402344
2025-11-11,274.73956298828125,505.4786682128906
2025-11-12,272.9628601074219,507.9232177734375
2025-11-13,272.44384765625,500.1225891113281
2025-11-14,271.9048156738281,506.96923828125
2025-11-17,266.9639892578125,504.296142578125
2025-11-18,266.9440612792969,490.6824035644531
2025-11-19,268.06195068359375,484.0543518066406
2025-11-20,265.7562561035156,476.3088684082031
2025-11-21,270.98651123046875,470.0268249511719
2025-11-24,275.4083251953125,471.8985290527344
2025-11-25,276.4563903808594,474.8752136230469
2025-11-26,277.0352783203125,483.3475036621094
2025-11-28,278.3328857421875,489.82867431640625
2025-12-01,282.57501220703125,484.5820007324219
2025-12-02,285.6592712402344,487.82757568359375
2025-12-03,283.623046875,475.6119689941406
2025-12-04,280.179443359375,478.7081604003906
2025-12-05,278.26300048828125,481.0178833007813
2025-12-08,277.3746643066406,488.8430480957031
2025-12-09,276.66595458984375,489.8385925292969
2025-12-10,278.26300048828125,476.4382629394531
2025-12-11,277.514404296875,481.3265075683594
2025-12-12,277.7639465332031,476.4084167480469
2025-12-15,273.6016540527344,472.7148742675781
2025-12-16,274.1007385253906,474.2779235839844
2025-12-17,271.33587646484375,474.0090942382813
2025-12-18,271.68524169921875,481.8342590332031
2025-12-19,273.1625061035156,483.7656555175781
2025-12-22,270.4674987792969,482.7701110839844
2025-12-23,271.85491943359375,484.6915588378906
2025-12-24,273.3022155761719,485.8563232421875
2025-12-26,272.8929748535156,485.5477294921875
2025-12-29,273.2523498535156,484.9404296875
2025-12-30,272.5735778808594,485.3187561035156
2025-12-31,271.3558349609375,481.4758605957031
2026-01-02,270.5074157714844,470.84320068359375
2026-01-05,266.7643737792969,470.7536010742187
2026-01-06,261.8734436035156,476.3885192871094
2026-01-07,259.8471984863281,481.3265075683594
2026-01-08,258.55963134765625,475.9902648925781
2026-01-09,258.8890075683594,477.1550903320313
2026-01-12,259.76739501953125,475.06439208984375
2026-01-13,260.5658874511719,468.5832824707031
2026-01-14,259.4779052734375,457.3433532714844
2026-01-15,257.73114013671875,454.6354064941406
2026-01-16,255.05613708496097,457.8211975097656
2026-01-20,246.2425079345703,452.5048522949219
2026-01-21,247.1907501220703,442.1409912109375
2026-01-22,247.8894500732422,449.1398620605469
2026-01-23,247.58001708984375,463.8841857910156
2026-01-26,254.9363555908203,468.1949768066406
2026-01-27,257.791015625,478.4493408203125
2026-01-28,255.96446228027344,479.4946594238281
2026-01-29,257.801025390625,431.57806396484375
2026-01-30,258.9988098144531,428.3822937011719
2026-02-02,269.5093078613281,421.4929809570313
2026-02-03,268.98028564453125,409.3868713378906
2026-02-04,275.97723388671875,412.3536987304687
2026-02-05,275.3983459472656,391.9246520996094
2026-02-06,277.6042175292969,399.3615417480469
2026-02-09,274.3672180175781,411.7662963867187
2026-02-10,273.4280700683594,411.437744140625
2026-02-11,275.24639892578125,402.5771789550781
2026-02-12,261.4891052246094,400.0584106445313
2026-02-13,255.5445556640625,399.5407409667969
2026-02-17,263.6371154785156,395.1004943847656
2026-02-18,264.106689453125,397.8283386230469
2026-02-19,260.3401184082031,397.5988464355469
2026-02-20,264.3364562988281,396.37152099609375
2026-02-23,265.9349670410156,383.6390686035156
2026-02-24,271.8895263671875,388.1593017578125
2026-02-25,273.97760009765625,399.7342224121094
2026-02-26,272.6987609863281,400.851806640625
2026-02-27,263.93682861328125,391.8912048339844
2026-03-02,264.476318359375,397.6886291503906
2026-03-03,263.5072326660156,403.0570068359375
2026-03-04,262.2783508300781,404.32427978515625
2026-03-05,260.0504150390625,409.79241943359375
2026-03-06,257.2229919433594,408.0761413574219
2026-03-09,259.6407775878906,408.5251770019531
2026-03-10,260.58990478515625,404.8830871582031
2026-03-11,260.5699157714844,404.0049743652344
2026-03-12,255.52456665039065,400.9914855957031
2026-03-13,249.8897705078125,394.6951293945313
2026-03-16,252.58729553222656,399.0856323242187
2026-03-17,253.99598693847656,398.5467834472656
2026-03-18,249.70994567871097,390.9432678222656
2026-03-19,248.73085021972656,388.1792297363281
2026-03-20,247.76173400878903,381.0447082519531
2026-03-23,251.25851440429688,382.1722717285156
2026-03-24,251.4083709716797,371.9344177246094
2026-03-25,252.3874664306641,370.2381286621094
2026-03-26,252.6572265625,365.1790771484375
2026-03-27,248.57098388671875,355.9989318847656
2026-03-30,246.40298461914065,358.1842041015625
2026-03-31,253.5563812255859,369.3699951171875
2026-04-01,255.3946990966797,368.57171630859375
2026-04-02,255.68443298339844,372.6528625488281
2026-04-06,258.6217041015625,372.0741271972656
2026-04-07,253.26666259765625,371.48541259765625
2026-04-08,258.66168212890625,373.52099609375
2026-04-09,260.2502136230469,372.26373291015625
2026-04-10,260.240234375,370.0684814453125
2026-04-13,258.96142578125,383.539306640625
2026-04-14,258.59173583984375,392.2604064941406
2026-04-15,266.18475341796875,410.3312683105469
2026-04-16,263.15753173828125,419.3517456054687
2026-04-17,269.98126220703125,421.8762817382813
2026-04-20,272.79864501953125,417.1664733886719
2026-04-21,265.9250183105469,423.2433166503906
2026-04-22,272.9185791015625,431.984375
2026-04-23,273.1783142089844,414.8514709472656
2026-04-24,270.81048583984375,423.7023010253906
2026-04-27,267.3636474609375,423.9018859863281
2026-04-28,270.4608154296875,428.3222961425781
2026-04-29,269.92132568359375,423.5426330566406
2026-04-30,271.1002502441406,406.8987121582031
2026-05-01,279.88214111328125,413.5443115234375
2026-05-04,276.5751647949219,412.72607421875
2026-05-05,283.9184265136719,410.4909362792969
2026-05-06,287.245361328125,413.0653381347656
2026-05-07,287.1754150390625,419.8606262207031
2026-05-08,293.0500183105469,414.2228393554687
2026-05-11,292.67999267578125,411.7681579589844
2026-05-12,294.79998779296875,406.8887023925781
2026-05-13,298.8699951171875,404.3342590332031
2026-05-14,298.2099914550781,408.5451354980469
2026-05-15,300.2300109863281,421.0081481933594
2026-05-18,297.8399963378906,422.6246643066406
2026-05-19,298.9700012207031,416.5178833007813
2026-05-20,302.25,420.1499938964844
2026-05-21,304.989990234375,419.0899963378906
2026-05-22,308.82000732421875,418.5700073242187
2026-05-26,308.3299865722656,416.0299987792969
2026-05-27,310.8500061035156,412.6700134277344
2026-05-28,312.510009765625,426.989990234375
2026-05-29,312.05999755859375,450.239990234375
2026-06-01,306.30999755859375,460.5199890136719
2026-06-02,315.20001220703125,441.30999755859375
2026-06-03,310.260009765625,427.3399963378906
2026-06-04,311.2300109863281,428.0499877929687
2026-06-05,307.3399963378906,416.6700134277344
2026-06-08,301.5400085449219,411.739990234375
2026-06-09,290.54998779296875,403.4100036621094
2026-06-10,291.5799865722656,397.3599853515625
2026-06-11,295.6300048828125,390.3399963378906
2026-06-12,291.1300048828125,390.739990234375
2026-06-15,296.4200134277344,399.760009765625
2026-06-16,299.239990234375,393.8299865722656
2026-06-17,295.95001220703125,378.9100036621094
2026-06-18,298.010009765625,379.3999938964844
2026-06-22,297.010009765625,367.3399963378906
2026-06-23,294.29998779296875,373.94000244140625
2026-06-24,293.0799865722656,365.4599914550781
2026-06-25,275.1499938964844,352.8299865722656
2026-06-26,283.7799987792969,372.9700012207031
2026-06-29,281.739990234375,368.5700073242187
2026-06-30,289.3599853515625,373.0199890136719
2026-07-01,294.3800048828125,384.2799987792969
2026-07-02,308.6300048828125,390.489990234375
2026-07-06,312.6600036621094,386.739990234375
2026-07-07,310.6600036621094,388.8399963378906
2026-07-08,313.3900146484375,383.3399963378906
2026-07-09,316.2200012207031,384.3599853515625
2026-07-10,315.32000732421875,385.1000061035156
2026-07-13,317.30999755859375,390.989990234375
2026-07-14,314.8599853515625,384.9299926757813
2026-07-15,327.5,395.6300048828125
2026-07-16,333.260009765625,401.1000061035156
2026-07-17,333.739990234375,393.8200073242187
2026-07-20,326.5899963378906,402.2900085449219
2026-07-21,327.739990234375,397.75
2026-07-22,325.8900146484375,390.3399963378906
2026-07-23,321.6600036621094,381.5799865722656
2026-07-24,333.0199890136719,381.7000122070313
2026-07-27,336.9100036621094,389.1000061035156
2026-07-28,340.0799865722656,393.3500061035156
2026-07-29,338.19000244140625,390.5400085449219
2026-07-30,333.42999267578125,451.1000061035156
2026-07-31,308.9100036621094,464.7200012207031
2026-08-03,303.4200134277344,487.6499938964844
2026-08-04,309.3800048828125,492.80999755859375
2026-08-05,311.0,487.4599914550781
