Price,EWA_close,EWC_close
2021-08-09,21.36263084411621,33.789058685302734
2021-08-10,21.47661018371582,34.015098571777344
2021-08-11,21.58244514465332,34.1868896484375
2021-08-12,21.517314910888672,34.114559173583984
2021-08-13,21.66386032104492,34.096473693847656
2021-08-16,21.435901641845703,33.89755630493164
2021-08-17,20.91486358642578,33.544925689697266
2021-08-18,20.752037048339844,33.35505294799805
2021-08-19,20.581073760986328,32.74020767211914
2021-08-20,20.62177848815918,32.984336853027344
2021-08-23,20.825307846069336,33.65342712402344
2021-08-24,21.004417419433594,33.89755630493164
2021-08-25,21.06140518188477,33.9427604675293
2021-08-26,20.86601448059082,33.51780319213867
2021-08-27,21.175386428833008,33.960845947265625
2021-08-30,21.1672420501709,33.906593322753906
2021-08-31,21.10211181640625,33.76192855834961
2021-09-01,21.31378746032715,33.97893524169922
2021-09-02,21.49289321899414,34.37676239013672
2021-09-03,21.606868743896484,34.4490966796875
2021-09-07,21.49289321899414,34.05126190185547
2021-09-08,21.370771408081055,33.83426284790039
2021-09-09,21.159103393554688,33.906593322753906
2021-09-10,21.004417419433594,33.6715087890625
2021-09-13,21.175386428833008,33.7800178527832
2021-09-14,20.963712692260746,33.51780319213867
2021-09-15,21.1672420501709,33.969886779785156
2021-09-16,21.10211181640625,33.6715087890625
2021-09-17,20.711332321166992,33.23750305175781
2021-09-20,20.174009323120117,32.55936813354492
2021-09-21,20.41010475158691,32.69499969482422
2021-09-22,20.540363311767575,33.10188293457031
2021-09-23,20.84973526000977,33.51780319213867
2021-09-24,20.62177848815918,33.36408996582031
2021-09-27,20.743896484375,33.63534164428711
2021-09-28,20.1333065032959,33.00241470336914
2021-09-29,20.07631492614746,32.830623626708984
2021-09-30,20.20657539367676,32.82158660888672
2021-10-01,20.30426788330078,33.11996078491211
2021-10-04,20.393823623657227,33.13804626464844
2021-10-05,20.613636016845703,33.36408996582031
2021-10-06,20.458953857421875,33.33696365356445
2021-10-07,20.71947479248047,33.86138916015625
2021-10-08,20.73575210571289,34.096473693847656
2021-10-11,20.752037048339844,34.00605392456055
2021-10-12,20.874156951904297,34.13263702392578
2021-10-13,20.963712692260746,34.503353118896484
2021-10-14,21.199810028076172,35.000648498535156
2021-10-15,21.297502517700195,35.25381851196289
2021-10-18,21.191667556762695,35.308067321777344
2021-10-19,21.484750747680664,35.56123733520508
2021-10-20,21.680139541625977,35.85057067871094
2021-10-21,21.47661018371582,35.71494674682617
2021-10-22,21.606868743896484,35.769195556640625
2021-10-25,21.73712730407715,35.82344436645508
2021-10-26,21.696420669555664,35.55220031738281
2021-10-27,21.62315368652344,35.26285934448242
2021-10-28,21.859251022338867,35.805362701416016
2021-10-29,21.541738510131836,35.42561340332031
2021-11-01,21.549877166748047,35.841529846191406
2021-11-02,21.305639266967773,35.56123733520508
2021-11-03,21.468469619750977,35.81440353393555
2021-11-04,21.36263084411621,35.66973876953125
2021-11-05,21.517314910888672,35.8596076965332
2021-11-08,21.55802345275879,36.04045486450195
2021-11-09,21.39519691467285,36.04045486450195
2021-11-10,21.13467788696289,35.69686508178711
2021-11-11,21.03697967529297,35.67878723144531
2021-11-12,21.224231719970703,36.16703414916992
2021-11-15,21.24051284790039,36.07661437988281
2021-11-16,21.11839485168457,36.00428009033203
2021-11-17,20.776460647583008,35.74207305908203
2021-11-18,20.792743682861328,35.832489013671875
2021-11-19,20.62177848815918,35.48889923095703
2021-11-22,20.59735107421875,35.127227783203125
2021-11-23,20.86601448059082,35.36232376098633
2021-11-24,20.784605026245117,35.543155670166016
2021-11-26,19.99490547180176,34.530479431152344
2021-11-29,20.149587631225582,34.602813720703125
2021-11-30,19.913488388061523,33.798095703125
2021-12-01,19.742525100708008,33.32792663574219
2021-12-02,20.07631492614746,33.9246826171875
2021-12-03,19.791370391845703,33.59917449951172
2021-12-06,20.07631492614746,34.23210525512695
2021-12-07,20.458953857421875,35.03681945800781
2021-12-08,20.6380615234375,34.80173110961914
2021-12-09,20.51594352722168,34.42197036743164
2021-12-10,20.548507690429688,34.385807037353516
2021-12-13,20.320213317871097,33.816253662109375
2021-12-14,20.236597061157227,33.642269134521484
2021-12-15,20.46237564086914,33.94445037841797
2021-12-16,20.345304489135746,34.054325103759766
2021-12-17,20.111162185668945,33.688053131103516
2021-12-20,20.127885818481445,33.21189880371094
2021-12-21,20.470739364624023,33.97191619873047
2021-12-22,20.771778106689453,34.42060852050781
2021-12-23,20.90557289123535,34.75025177001953
2021-12-27,21.047731399536133,35.07989501953125
2021-12-28,20.989200592041016,35.01580047607422
2021-12-29,21.0811824798584,34.91507339477539
2021-12-30,21.088773727416992,35.02495574951172
2021-12-31,20.94537353515625,35.18977737426758
2022-01-03,20.97911262512207,35.317970275878906
2022-01-04,21.29966163635254,34.97001647949219
2022-01-05,21.03816032409668,34.539642333984375
2022-01-06,20.6669979095459,34.80519104003906
2022-01-07,20.76822280883789,35.07989501953125
2022-01-10,20.607948303222656,34.951698303222656
2022-01-11,20.869447708129883,35.58352279663086
2022-01-12,21.063465118408203,36.04136276245117
2022-01-13,20.987545013427734,35.73918914794922
2022-01-14,20.75135040283203,35.83075714111328
2022-01-18,20.405498504638672,35.757503509521484
2022-01-19,20.498287200927734,35.665931701660156
2022-01-20,20.34644889831543,35.35460662841797
2022-01-21,19.77283477783203,34.42975997924805
2022-01-24,19.612558364868164,34.21915817260742
2022-01-25,19.561948776245117,34.40229034423828
2022-01-26,19.38479995727539,34.18252944946289
2022-01-27,18.954587936401367,33.9169807434082
2022-01-28,19.038942337036133,34.17336654663086
2022-01-31,19.266706466674805,34.97001647949219
2022-02-01,19.51976776123047,35.418697357177734
2022-02-02,19.637866973876953,35.56520462036133
2022-02-03,19.418542861938477,34.96085739135742
2022-02-04,19.494461059570312,35.15315246582031
2022-02-07,19.654735565185547,35.30882263183594
2022-02-08,20.025897979736328,35.49195861816406
2022-02-09,20.34644889831543,35.968109130859375
2022-02-10,20.16086769104004,35.638465881347656
2022-02-11,19.95841407775879,35.56520462036133
2022-02-14,20.000593185424805,35.263031005859375
2022-02-15,20.32957649230957,35.574363708496094
2022-02-16,20.548898696899418,35.4553337097168
2022-02-17,20.38862419128418,34.98833084106445
2022-02-18,20.228351593017575,34.56711196899414
2022-02-22,20.34644889831543,34.374820709228516
2022-02-23,20.219913482666016,34.13673782348633
2022-02-24,20.06807327270508,33.97191619873047
2022-02-25,20.430803298950195,34.93339157104492
2022-02-28,20.287399291992188,34.99748229980469
2022-03-01,20.11025619506836,34.521331787109375
2022-03-02,20.759784698486328,35.32713317871094
2022-03-03,20.56576919555664,35.19893264770508
2022-03-04,20.89475440979004,35.29050064086914
2022-03-07,20.48985481262207,34.85097885131836
2022-03-08,20.169300079345703,34.51217269897461
2022-03-09,20.59951400756836,35.208099365234375
2022-03-10,20.78509521484375,35.4553337097168
2022-03-11,20.56576919555664,35.272186279296875
2022-03-14,20.312705993652344,34.722774505615234
2022-03-15,20.506723403930664,34.88759994506836
2022-03-16,21.189998626708984,35.574363708496094
2022-03-17,21.400888442993164,36.28860092163086
2022-03-18,21.670825958251953,36.42595672607422
2022-03-21,21.670825958251953,36.819705963134766
2022-03-22,21.915451049804688,36.975364685058594
2022-03-23,21.932323455810547,36.682350158691406
2022-03-24,22.23600196838379,36.80138397216797
2022-03-25,22.354103088378903,37.16765213012695
2022-03-28,22.24444007873535,36.96620178222656
2022-03-29,22.505939483642575,37.16765213012695
2022-03-30,22.52281379699707,37.23175811767578
2022-03-31,22.295053482055664,36.819705963134766
2022-04-01,22.51437759399414,36.828853607177734
2022-04-04,22.674652099609375,37.19513320922851
2022-04-05,22.556550979614254,36.9295768737793
2022-04-06,22.40471076965332,36.53583526611328
2022-04-07,22.37940788269043,36.43511199951172
2022-04-08,22.387842178344727,36.52667617797851
2022-04-11,22.151649475097656,36.23366165161133
2022-04-12,22.23600196838379,36.07798767089844
2022-04-13,22.354103088378903,36.45342254638672
2022-04-14,22.261310577392575,36.33438873291016
2022-04-18,22.193824768066406,36.361854553222656
2022-04-19,22.472198486328125,36.645721435546875
2022-04-20,22.60716438293457,36.93873977661133
2022-04-21,22.168516159057617,36.123775482177734
2022-04-22,21.333402633666992,34.96085739135742
2022-04-25,20.970678329467773,34.6495246887207
2022-04-26,20.5826416015625,33.889503479003906
2022-04-27,20.76822280883789,33.962764739990234
2022-04-28,21.0718994140625,34.686153411865234
2022-04-29,20.73448181152344,33.92613220214844
2022-05-02,20.67543601989746,33.843727111816406
2022-05-03,20.91162872314453,34.30156326293945
2022-05-04,21.400888442993164,35.06158447265625
2022-05-05,20.62482261657715,33.94445037841797
2022-05-06,20.321142196655273,33.71552658081055
2022-05-09,19.64630126953125,32.40609359741211
2022-05-10,19.663169860839844,32.195491790771484
2022-05-11,19.604124069213867,32.22294998168945
2022-05-12,19.23295783996582,31.93909454345703
2022-05-13,19.933107376098633,32.87309646606445
2022-05-16,20.0090274810791,33.18443298339844
2022-05-17,20.34644889831543,33.73383331298828
2022-05-18,19.84031867980957,32.88225555419922
2022-05-19,20.10181999206543,33.257686614990234
2022-05-20,20.278966903686523,33.15695571899414
2022-05-23,20.54046630859375,33.73383331298828
2022-05-24,20.515159606933594,33.39503479003906
2022-05-25,20.5826416015625,33.55986022949219
2022-05-26,20.607948303222656,33.90782165527344
2022-05-27,21.04659652709961,34.44807815551758
2022-05-31,20.818838119506836,34.64036178588867
2022-06-01,20.886322021484375,34.56711196899414
2022-06-02,21.375581741333008,35.32713317871094
2022-06-03,21.0718994140625,34.81434631347656
2022-06-06,21.03816032409668,34.94254684448242
2022-06-07,20.987545013427734,35.235565185546875
2022-06-08,20.62482261657715,34.90591812133789
2022-06-09,20.0184383392334,34.14588928222656
2022-06-10,19.47034454345703,33.41722106933594
2022-06-13,18.62645721435547,32.28271484375
2022-06-14,18.47855567932129,31.895320892333984
2022-06-15,18.852651596069336,32.18125534057617
2022-06-16,18.426355361938477,31.07442092895508
2022-06-17,18.10445976257324,30.72392463684082
2022-06-21,18.539457321166992,31.572500228881836
2022-06-22,18.330657958984375,31.092872619628903
2022-06-23,18.30456161499023,30.493335723876953
2022-06-24,18.800453186035156,31.295787811279297
2022-06-27,18.75695419311523,31.6739559173584
2022-06-28,18.72215461730957,31.627843856811523
2022-06-29,18.66995620727539,31.35113525390625
2022-06-30,18.461156845092773,31.065196990966797
2022-07-01,18.348058700561523,31.397245407104492
2022-07-05,18.11316299438477,30.622467041015625
2022-07-06,18.2436580657959,30.45643615722656
2022-07-07,18.62645721435547,31.138986587524418
2022-07-08,18.54815673828125,31.1297607421875
2022-07-11,18.052263259887695,30.687028884887695
2022-07-12,18.13056373596191,30.43798828125
2022-07-13,18.15666389465332,30.44721221923828
2022-07-14,17.97396469116211,29.561744689941406
2022-07-15,18.330657958984375,29.875349044799805
2022-07-18,18.32196044921875,30.33653259277344
2022-07-19,18.75695419311523,31.138986587524418
2022-07-20,18.748252868652344,31.258888244628903
2022-07-21,18.922252655029297,31.323455810546875
2022-07-22,18.922252655029297,31.111316680908203
2022-07-25,19.157150268554688,31.535598754882812
2022-07-26,18.913551330566406,31.148210525512695
2022-07-27,19.444246292114254,31.867656707763672
2022-07-28,19.5312442779541,32.15358352661133
2022-07-29,19.783540725708008,32.56865310668945
2022-08-01,19.77484130859375,32.24582290649414
2022-08-02,19.52254295349121,32.06134796142578
2022-08-03,19.618244171142575,32.255043029785156
2022-08-04,19.609540939331055,32.22737503051758
2022-08-05,19.47034454345703,32.06134796142578
2022-08-08,19.653045654296875,32.33805847167969
2022-08-09,19.49644470214844,32.1166877746582
2022-08-10,20.02713966369629,32.91914749145508
2022-08-11,20.044536590576172,33.103614807128906
2022-08-12,20.227235794067383,33.426448822021484
2022-08-15,19.99233627319336,33.06672286987305
2022-08-16,20.09673500061035,33.44489288330078
2022-08-17,19.844438552856445,33.094398498535156
2022-08-18,19.93143653869629,33.18662643432617
2022-08-19,19.6617431640625,32.771568298339844
2022-08-22,19.461645126342773,32.430294036865234
2022-08-23,19.505144119262695,32.68855285644531
2022-08-24,19.557342529296875,32.660884857177734
2022-08-25,19.896642684936523,33.03905487060547
2022-08-26,19.52254295349121,32.24582290649414
2022-08-29,19.45294761657715,32.2642707824707
2022-08-30,19.183246612548828,31.480262756347656
2022-08-31,19.06144905090332,31.07442092895508
2022-09-01,18.90485191345215,30.770038604736328
2022-09-02,18.939653396606445,31.04674911499023
2022-09-06,18.67865562438965,30.696250915527344
2022-09-07,18.66995620727539,31.055973052978516
2022-09-08,18.84395217895508,31.397245407104492
2022-09-09,19.444246292114254,32.18125534057617
2022-09-12,19.653045654296875,32.63321304321289
2022-09-13,18.809152603149418,31.600162506103516
2022-09-14,18.774354934692383,31.766197204589844
2022-09-15,18.62645721435547,31.341907501220703
2022-09-16,18.47855567932129,30.95451545715332
2022-09-19,18.652557373046875,31.332687377929688
2022-09-20,18.443758010864254,30.742368698120117
2022-09-21,18.069664001464844,30.21662139892578
2022-09-22,18.03486442565918,29.866125106811523
2022-09-23,17.356271743774414,28.869970321655273
2022-09-26,17.217077255249023,28.344223022460938
2022-09-27,17.069177627563477,28.33500099182129
2022-09-28,17.56507110595703,29.09134101867676
2022-09-29,17.399768829345703,28.667051315307617
2022-09-30,17.069177627563477,28.371896743774418
2022-10-03,17.556371688842773,29.441837310791016
2022-10-04,18.13056373596191,30.47488594055176
2022-10-05,18.0783634185791,30.01370620727539
2022-10-06,17.799964904785156,29.312707901000977
2022-10-07,17.52157211303711,28.750064849853516
2022-10-10,17.31277084350586,28.46413230895996
2022-10-11,17.069177627563477,28.076740264892575
2022-10-12,17.069177627563477,27.99372673034668
2022-10-13,17.478071212768555,28.786956787109375
2022-10-14,17.034378051757812,28.10441017150879
2022-10-17,17.373668670654297,28.860748291015625
2022-10-18,17.46067237854004,29.119009017944336
2022-10-19,17.34757423400879,28.897640228271484
2022-10-20,17.330171585083008,28.750064849853516
2022-10-21,17.74776840209961,29.478729248046875
2022-10-24,17.60856819152832,29.41416358947754
2022-10-25,17.956562042236328,29.91223907470703
2022-10-26,18.15666389465332,30.299633026123047
2022-10-27,18.060964584350582,30.42876625061035
2022-10-28,18.087064743041992,30.54867172241211
2022-10-31,18.02616500854492,30.46565818786621
2022-11-01,18.27846336364746,30.585569381713867
2022-11-02,17.947866439819336,30.022924423217773
2022-11-03,17.678165435791016,29.8292293548584
2022-11-04,18.55685806274414,30.76081657409668
2022-11-07,18.51335906982422,30.871503829956055
2022-11-08,18.69605827331543,31.18509864807129
2022-11-09,18.313261032104492,30.45643615722656
2022-11-10,19.426847457885746,31.99677848815918
2022-11-11,19.835739135742188,32.31960678100586
2022-11-14,19.592144012451172,31.886098861694336
2022-11-15,19.905338287353516,32.10747528076172
2022-11-16,19.766138076782227,31.96911239624023
2022-11-17,19.73134422302246,31.867656707763672
2022-11-18,19.800941467285156,31.85843276977539
2022-11-21,19.58344268798828,31.69240379333496
2022-11-22,19.887939453125,32.328834533691406
2022-11-23,20.157634735107425,32.43951416015625
2022-11-25,20.2446346282959,32.587093353271484
2022-11-28,19.87923812866211,31.99677848815918
2022-11-29,20.07063865661621,31.895320892333984
2022-11-30,20.610027313232425,32.45795822143555
2022-12-01,20.64482879638672,32.660884857177734
2022-12-02,20.5665283203125,32.467193603515625
2022-12-05,20.16633415222168,31.756967544555664
2022-12-06,20.06193733215332,31.258888244628903
2022-12-07,20.09673500061035,31.231218338012695
2022-12-08,20.18373680114746,31.443363189697266
2022-12-09,20.157634735107425,31.221994400024418
2022-12-12,20.20113754272461,31.36957359313965
2022-12-13,20.475921630859375,31.567045211791992
2022-12-14,20.4227352142334,31.40795135498047
2022-12-15,19.766796112060547,30.677961349487305
2022-12-16,19.68701934814453,30.341053009033203
2022-12-19,19.669294357299805,30.08836555480957
2022-12-20,19.54519271850586,30.35976791381836
2022-12-21,19.85543441772461,30.780914306640625
2022-12-22,19.52746963500977,30.35976791381836
2022-12-23,19.78452491760254,30.74347496032715
2022-12-27,19.864301681518555,30.91193389892578
2022-12-28,19.5983829498291,30.32233428955078
2022-12-29,19.811120986938477,30.86513900756836
2022-12-30,19.704750061035156,30.63117027282715
2023-01-03,19.47428321838379,30.453359603881836
2023-01-04,19.988401412963867,31.089752197265625
2023-01-05,19.704750061035156,30.790271759033203
2023-01-06,20.40500831604004,31.57640838623047
2023-01-09,20.39614486694336,31.7729434967041
2023-01-10,20.4227352142334,31.716785430908203
2023-01-11,20.706384658813477,32.0536994934082
2023-01-12,21.12299537658691,32.47484588623047
2023-01-13,21.282546997070312,32.577796936035156
2023-01-17,21.388914108276367,32.70881652832031
2023-01-18,21.14958953857422,32.34382247924805
2023-01-19,21.326866149902344,32.39997482299805
2023-01-20,21.610515594482425,32.84919738769531
2023-01-23,21.76120376586914,33.06444549560547
2023-01-24,21.823253631591797,33.06444549560547
2023-01-25,22.03598976135254,32.97085952758789
2023-01-26,22.17781639099121,33.335853576660156
2023-01-27,22.106903076171875,33.38264083862305
2023-01-30,21.88530158996582,32.94278335571289
2023-01-31,22.03598976135254,33.532386779785156
2023-02-01,22.26645851135254,33.532386779785156
2023-02-02,22.106903076171875,33.43879318237305
2023-02-03,21.74347496032715,33.24226379394531
2023-02-06,21.53960418701172,32.87726974487305
2023-02-07,21.752344131469727,33.24226379394531
2023-02-08,21.583927154541016,33.02701187133789
2023-02-09,21.52187728881836,32.83047866821289
2023-02-10,21.42437171936035,33.21418380737305
2023-02-13,21.690290451049805,33.43879318237305
2023-02-14,21.65483856201172,33.38264083862305
2023-02-15,21.22049903869629,33.289058685302734
2023-02-16,21.131858825683594,32.91470718383789
2023-02-17,20.99889755249023,32.74625015258789
2023-02-21,20.795026779174805,32.15665054321289
2023-02-22,20.697521209716797,32.00691223144531
2023-02-23,20.706384658813477,32.03498458862305
2023-02-24,20.316368103027344,31.9133243560791
2023-02-27,20.39614486694336,32.0817756652832
2023-02-28,20.28091049194336,31.866527557373047
2023-03-01,20.467056274414062,32.04434585571289
2023-03-02,20.475921630859375,32.17536926269531
2023-03-03,20.812755584716797,32.60586929321289
2023-03-06,20.6088809967041,32.43741226196289
2023-03-07,20.156814575195312,31.72614860534668
2023-03-08,20.316368103027344,31.735504150390625
2023-03-09,20.07703971862793,31.239492416381836
2023-03-10,19.722476959228516,30.762195587158203
2023-03-13,19.5983829498291,30.640533447265625
2023-03-14,19.87316513061523,30.930652618408203
2023-03-15,19.359052658081055,30.24746322631836
2023-03-16,19.58951759338379,30.60309410095215
2023-03-17,19.47428321838379,30.28489875793457
2023-03-20,19.66042709350586,30.706045150756836
2023-03-21,19.731342315673828,30.818344116210938
2023-03-22,19.624975204467773,30.621816635131836
2023-03-23,19.53633499145508,30.481430053710938
2023-03-24,19.518604278564453,30.528223037719727
2023-03-27,19.624975204467773,30.874500274658203
2023-03-28,19.811120986938477,31.061670303344727
2023-03-29,19.99726104736328,31.44537925720215
2023-03-30,20.254318237304688,31.707429885864254
2023-03-31,20.334095001220703,31.988187789916992
2023-04-03,20.679792404174805,32.56843566894531
2023-04-04,20.520238876342773,32.493560791015625
2023-04-05,20.467056274414062,32.297027587890625
2023-04-06,20.467056274414062,32.28767395019531
2023-04-10,20.43160057067871,32.353179931640625
2023-04-11,20.6088809967041,32.65266036987305
2023-04-12,20.72411346435547,32.7836799621582
2023-04-13,20.99889755249023,33.21418380737305
2023-04-14,20.795026779174805,33.17675018310547
2023-04-17,20.78616523742676,33.23291015625
2023-04-18,20.87480354309082,33.3171272277832
2023-04-19,20.812755584716797,33.14867401123047
2023-04-20,20.830480575561523,32.99893569946289
2023-04-21,20.6088809967041,32.96150207519531
2023-04-24,20.679792404174805,32.97085952758789
2023-04-25,20.3075008392334,32.325111389160156
2023-04-26,20.245454788208008,32.23151779174805
2023-04-27,20.493650436401367,32.6152229309082
2023-04-28,20.511377334594727,32.94278335571289
2023-05-01,20.449329376220703,32.886627197265625
2023-05-02,20.254318237304688,32.36254119873047
2023-05-03,20.1036319732666,32.23151779174805
2023-05-04,20.08590316772461,32.28767395019531
2023-05-05,20.6531982421875,33.17675018310547
2023-05-08,20.662063598632812,33.26097869873047
2023-05-09,20.53796768188477,33.23291015625
2023-05-10,20.600017547607425,33.092529296875
2023-05-11,20.369552612304688,32.69945526123047
2023-05-12,20.289775848388672,32.56843566894531
2023-05-15,20.520238876342773,32.980220794677734
2023-05-16,20.147951126098633,32.44676208496094
2023-05-17,20.316368103027344,32.60586929321289
2023-05-18,20.227725982666016,32.493560791015625
2023-05-19,20.38728141784668,32.549713134765625
2023-05-22,20.38728141784668,32.59651184082031
2023-05-23,20.13908576965332,32.22216033935547
2023-05-24,19.749069213867188,31.64191436767578
2023-05-25,19.554059982299805,31.342437744140625
2023-05-26,19.87316513061523,31.61383819580078
2023-05-30,19.722476959228516,31.37051010131836
2023-05-31,19.385643005371097,31.127182006835938
2023-06-01,19.828845977783203,31.567045211791992
2023-06-02,20.13022232055664,32.23151779174805
2023-06-05,19.988401412963867,32.0256233215332
2023-06-06,20.121362686157227,32.31574630737305
2023-06-07,19.910961151123047,32.283607482910156
2023-06-08,20.20895004272461,32.27415084838867
2023-06-09,20.190887451171875,32.23633575439453
2023-06-12,20.272159576416016,32.255245208740234
2023-06-13,20.524995803833008,32.4915771484375
2023-06-14,20.59723472595215,32.51994323730469
2023-06-15,20.976490020751953,32.86972427368164
2023-06-16,21.066791534423828,32.831912994384766
2023-06-20,21.030670166015625,32.38758850097656
2023-06-21,20.95842933654785,32.47267532348633
2023-06-22,20.515966415405273,32.321414947509766
2023-06-23,20.01028823852539,31.962186813354492
2023-06-26,20.028348922729492,32.35923385620117
2023-06-27,20.190887451171875,32.576663970947266
2023-06-28,20.064472198486328,32.4915771484375
2023-06-29,20.172828674316406,32.699554443359375
2023-06-30,20.362457275390625,33.07769775390625
2023-07-03,20.47081756591797,33.27621841430664
2023-07-05,20.29924774169922,32.89807891845703
2023-07-06,19.79357147216797,32.217430114746094
2023-07-07,19.956111907958984,32.453765869140625
2023-07-10,19.856782913208008,32.406494140625
2023-07-11,20.136709213256836,32.56720733642578
2023-07-12,20.61529541015625,33.030426025390625
2023-07-13,21.15708923339844,33.58818054199219
2023-07-14,21.039701461791992,33.31403350830078
2023-07-17,20.94940185546875,33.361305236816406
2023-07-18,21.030670166015625,33.63545608520508
2023-07-19,20.940372467041016,33.852882385253906
2023-07-20,20.96746063232422,33.72998046875
2023-07-21,20.89522171020508,33.843421936035156
2023-07-24,20.93134307861328,34.04194641113281
2023-07-25,21.12999725341797,33.93796157836914
2023-07-26,21.193208694458008,33.9190559387207
2023-07-27,20.994550704956055,33.607093811035156
2023-07-28,20.886192321777344,33.824520111083984
2023-07-31,21.09387969970703,34.108123779296875
2023-08-01,20.678504943847656,33.67326354980469
2023-08-02,20.172828674316406,33.00206756591797
2023-08-03,20.172828674316406,32.831912994384766
2023-08-04,20.290218353271484,32.91698455810547
2023-08-07,20.371490478515625,33.039886474609375
2023-08-08,20.236038208007812,32.831912994384766
2023-08-09,20.272159576416016,32.90753173828125
2023-08-10,20.26313018798828,32.97370910644531
2023-08-11,20.09156036376953,33.04933547973633
2023-08-14,19.99222755432129,32.85081481933594
2023-08-15,19.74842643737793,32.14179611206055
2023-08-16,19.53170394897461,32.03781509399414
2023-08-17,19.360136032104492,31.886560440063477
2023-08-18,19.37819480895996,31.886560440063477
2023-08-21,19.42334747314453,31.839292526245117
2023-08-22,19.32401466369629,31.650218963623047
2023-08-23,19.64006233215332,32.0
2023-08-24,19.287899017333984,31.763662338256836
2023-08-25,19.432376861572266,31.773117065429688
2023-08-28,19.603944778442383,32.0661735534668
2023-08-29,19.97417259216309,32.5955696105957
2023-08-30,20.09156036376953,32.756282806396484
2023-08-31,20.05544090270996,32.79409408569336
2023-09-01,20.09156036376953,33.020973205566406
2023-09-05,19.910961151123047,32.709007263183594
2023-09-06,19.73939514160156,32.406494140625
2023-09-07,19.64006233215332,32.15125274658203
2023-09-08,19.59491729736328,32.15125274658203
2023-09-11,19.910961151123047,32.4915771484375
2023-09-12,19.865812301635746,32.5955696105957
2023-09-13,19.7755126953125,32.709007263183594
2023-09-14,20.163799285888672,33.31403350830078
2023-09-15,20.082530975341797,33.34239196777344
2023-09-18,20.01932144165039,33.24785614013672
2023-09-19,20.01028823852539,32.94533920288086
2023-09-20,19.910961151123047,32.86027145385742
2023-09-21,19.278867721557617,32.15125274658203
2023-09-22,19.540735244750977,32.094539642333984
2023-09-25,19.522674560546875,32.23633575439453
2023-09-26,19.269840240478516,31.725849151611328
2023-09-27,19.188570022583008,31.565141677856445
2023-09-28,19.53170394897461,31.886560440063477
2023-09-29,19.42334747314453,31.63131332397461
2023-10-02,19.026031494140625,30.903392791748047
2023-10-03,18.773191452026367,30.534711837768555
2023-10-04,18.872522354125977,30.449626922607425
2023-10-05,19.044090270996097,30.70487403869629
2023-10-06,19.342077255249023,30.97902488708496
2023-10-09,19.37819480895996,31.328800201416016
2023-10-10,19.62200355529785,31.584043502807617
2023-10-11,19.62200355529785,31.820384979248047
2023-10-12,19.16147804260254,31.394975662231445
2023-10-13,19.107297897338867,31.366613388061523
2023-10-16,19.405284881591797,31.763662338256836
2023-10-17,19.486555099487305,31.78257179260254
2023-10-18,19.170507431030273,31.196453094482425
2023-10-19,18.95379066467285,31.073558807373047
2023-10-20,18.62871360778809,30.70487403869629
2023-10-23,18.66483497619629,30.638700485229492
2023-10-24,18.890579223632812,30.430721282958984
2023-10-25,18.646774291992188,30.241655349731445
2023-10-26,18.610652923583984,30.08094596862793
2023-10-27,18.556472778320312,29.7595272064209
2023-10-30,18.782222747802734,30.08094596862793
2023-10-31,18.728042602539062,30.00531578063965
2023-11-01,19.071178436279297,30.31728172302246
2023-11-02,19.45946502685547,31.508420944213867
2023-11-03,19.694244384765625,31.95273208618164
2023-11-06,19.612974166870117,31.79202651977539
2023-11-07,19.38722801208496,31.385522842407227
2023-11-08,19.432376861572266,31.281539916992188
2023-11-09,19.32401466369629,31.366613388061523
2023-11-10,19.305957794189453,31.470603942871097
2023-11-13,19.405284881591797,31.63131332397461
2023-11-14,20.03738021850586,32.33087158203125
2023-11-15,20.03738021850586,32.41595458984375
2023-11-16,19.84775161743164,32.22688293457031
2023-11-17,20.05544090270996,32.586116790771484
2023-11-20,20.190887451171875,32.6428337097168
2023-11-21,20.163799285888672,32.51994323730469
2023-11-22,20.09156036376953,32.53884506225586
2023-11-24,20.272159576416016,32.737369537353516
2023-11-27,20.100589752197266,32.55775451660156
2023-11-28,20.326335906982425,32.67119598388672
2023-11-29,20.22700881958008,32.76573181152344
2023-11-30,20.272159576416016,33.068241119384766
2023-12-01,20.705595016479492,33.55036926269531
2023-12-04,20.362457275390625,33.38020706176758
2023-12-05,20.172828674316406,33.210044860839844
2023-12-06,20.35342788696289,33.030426025390625
2023-12-07,20.534029006958008,33.01152038574219
2023-12-08,20.606264114379883,33.14386749267578
2023-12-11,20.59723472595215,33.210044860839844
2023-12-12,20.65141487121582,33.01152038574219
2023-12-13,21.328659057617188,33.8339729309082
2023-12-14,21.662763595581055,34.29719161987305
2023-12-15,21.518287658691406,33.9852294921875
2023-12-18,21.671794891357425,34.12702941894531
2023-12-19,22.1413516998291,34.609153747558594
2023-12-20,21.835472106933594,34.164615631103516
2023-12-21,22.277708053588867,34.64365005493164
2023-12-22,22.332984924316406,34.90232467651367
2023-12-26,22.51725196838379,35.285552978515625
2023-12-27,22.62781143188477,35.32387161254883
2023-12-28,22.56332015991211,35.161006927490234
2023-12-29,22.42511749267578,35.141845703125
2024-01-02,22.250064849853516,34.77778244018555
2024-01-03,22.01973533630371,34.662811279296875
2024-01-04,21.946029663085938,34.72029495239258
2024-01-05,21.927602767944336,34.8448486328125
2024-01-08,22.084228515625,35.113101959228516
2024-01-09,21.85389709472656,34.825679779052734
2024-01-10,21.81704330444336,34.90232467651367
2024-01-11,21.79861640930176,34.73945236206055
2024-01-12,21.844682693481445,34.78736114501953
2024-01-16,21.28267478942871,34.46161651611328
2024-01-17,21.05234146118164,34.011329650878906
2024-01-18,21.245819091796875,34.174190521240234
2024-01-19,21.448511123657227,34.57658767700195
2024-01-22,21.448511123657227,34.4903564453125
2024-01-23,21.632776260375977,34.67238998413086
2024-01-24,21.651203155517575,34.57658767700195
2024-01-25,21.780187606811523,34.835262298583984
2024-01-26,21.826255798339844,34.94064712524414
2024-01-29,21.982879638671875,35.161006927490234
2024-01-30,21.927602767944336,35.26639175415039
2024-01-31,21.761764526367188,34.825679779052734
2024-02-01,21.8723201751709,35.06520080566406
2024-02-02,21.743337631225582,34.86400604248047
2024-02-05,21.522218704223633,34.31790542602539
2024-02-06,21.77097511291504,34.59574890136719
2024-02-07,21.697269439697266,34.69154739379883
2024-02-08,21.66963005065918,34.681968688964844
2024-02-09,21.78940200805664,34.81610107421875
2024-02-12,21.77097511291504,34.92148971557617
2024-02-13,21.1721134185791,33.81013488769531
2024-02-14,21.531431198120117,34.41371154785156
2024-02-15,21.88153648376465,35.161006927490234
2024-02-16,21.863107681274418,35.141845703125
2024-02-20,21.88153648376465,35.00771713256836
2024-02-21,21.77097511291504,34.959808349609375
2024-02-22,21.982879638671875,35.29513168334961
2024-02-23,22.028947830200195,35.4388427734375
2024-02-26,21.955244064331055,35.304710388183594
2024-02-27,22.10265350341797,35.21848678588867
2024-02-28,21.844682693481445,35.00771713256836
2024-02-29,22.038162231445312,35.22806930541992
2024-03-01,22.286922454833984,35.55381393432617
2024-03-04,22.130294799804688,35.46757888793945
2024-03-05,22.0658016204834,35.429264068603516
2024-03-06,22.452760696411133,35.70710372924805
2024-03-07,22.81207847595215,36.20530319213867
2024-03-08,22.821290969848633,36.03284454345703
2024-03-11,22.489612579345703,36.13823318481445
2024-03-12,22.489612579345703,36.23403549194336
2024-03-13,22.65545082092285,36.550201416015625
2024-03-14,22.222427368164062,36.18613815307617
2024-03-15,22.139507293701172,36.14781188964844
2024-03-18,22.185575485229492,36.13823318481445
2024-03-19,22.222427368164062,36.13823318481445
2024-03-20,22.49882698059082,36.65558242797851
2024-03-21,22.49882698059082,36.598106384277344
2024-03-22,22.35141372680664,36.224456787109375
2024-03-25,22.443546295166016,36.21487808227539
2024-03-26,22.36984062194824,36.13823318481445
2024-03-27,22.71994400024414,36.47355651855469
2024-03-28,22.71994400024414,36.674747467041016
2024-04-01,22.646238327026367,36.61726760864258
2024-04-02,22.59095764160156,36.4448127746582
2024-04-03,22.637025833129883,36.598106384277344
2024-04-04,22.508037567138672,36.43523025512695
2024-04-05,22.62781143188477,36.684329986572266
2024-04-08,22.756797790527344,36.73223114013672
2024-04-09,22.894996643066406,36.904685974121094
2024-04-10,22.379053115844727,36.3681640625
2024-04-11,22.43433380126953,36.17655563354492
2024-04-12,22.01973533630371,35.59213638305664
2024-04-15,21.863107681274418,35.333457946777344
2024-04-16,21.411659240722656,35.08435821533203
2024-04-17,21.651203155517575,35.22806930541992
2024-04-18,21.466936111450195,35.304710388183594
2024-04-19,21.522218704223633,35.55381393432617
2024-04-22,21.78940200805664,35.79332733154297
2024-04-23,21.982879638671875,36.11907196044922
2024-04-24,21.85389709472656,35.79332733154297
2024-04-25,21.724910736083984,35.92745590209961
2024-04-26,21.85389709472656,36.052005767822266
2024-04-29,22.047374725341797,36.09990692138672
2024-04-30,21.50379180908203,35.37177658081055
2024-05-01,21.54985809326172,35.39093780517578
2024-05-02,21.946029663085938,35.774169921875
2024-05-03,22.259281158447266,35.9945182800293
2024-05-06,22.49882698059082,36.521453857421875
2024-05-07,22.692304611206055,36.416072845458984
2024-05-08,22.57253074645996,36.31068420410156
2024-05-09,22.56332015991211,36.674747467041016
2024-05-10,22.55410385131836,36.58852005004883
2024-05-13,22.59095764160156,36.51187515258789
2024-05-14,22.71994400024414,36.540618896484375
2024-05-15,23.05162239074707,36.69390869140625
2024-05-16,23.15296745300293,36.69390869140625
2024-05-17,23.254314422607425,36.97175216674805
2024-05-20,23.116113662719727,37.00048828125
2024-05-21,23.14375686645508,36.904685974121094
2024-05-22,22.701519012451172,36.57894134521485
2024-05-23,22.57253074645996,36.24361801147461
2024-05-24,22.766010284423828,36.62684631347656
2024-05-28,22.683090209960938,36.540618896484375
2024-05-29,22.29613494873047,35.74542236328125
2024-05-30,22.508037567138672,36.11907196044922
2024-05-31,22.710729598999023,36.65558242797851
2024-06-03,22.858144760131836,36.34900665283203
2024-06-04,22.710729598999023,36.03284454345703
2024-06-05,22.98712921142578,36.253196716308594
2024-06-06,23.125328063964844,36.39691162109375
2024-06-07,22.79364967346191,35.889129638671875
2024-06-10,22.821290969848633,35.956199645996094
2024-06-11,22.585573196411133,35.67478561401367
2024-06-12,22.914262771606445,35.88753890991211
2024-06-13,22.782787322998047,35.39433670043945
2024-06-14,22.623138427734375,35.33631134033203
2024-06-17,22.688875198364254,35.278289794921875
2024-06-18,22.94243431091309,35.31697463989258
2024-06-20,22.970609664916992,35.33631134033203
2024-06-21,22.886089324951172,35.287960052490234
2024-06-24,22.970609664916992,35.85852813720703
2024-06-25,23.02695655822754,35.800498962402344
2024-06-26,22.76400375366211,35.713470458984375
2024-06-27,22.970609664916992,35.99391555786133
2024-06-28,22.94243431091309,35.868194580078125
2024-07-01,22.857913970947266,35.713470458984375
2024-07-02,22.93304443359375,36.09061813354492
2024-07-03,23.280515670776367,36.58382034301758
2024-07-05,23.43077278137207,36.380733489990234
2024-07-08,23.224166870117188,36.41941833496094
2024-07-09,23.26173210144043,36.303367614746094
2024-07-10,23.609201431274418,36.86426544189453
2024-07-11,23.72189712524414,37.11570358276367
2024-07-12,24.069366455078125,37.33812713623047
2024-07-15,23.984848022460938,37.32845306396485
2024-07-16,24.031801223754883,37.744285583496094
2024-07-17,23.862764358520508,37.473514556884766
2024-07-18,23.581029891967773,37.18339538574219
2024-07-19,23.43077278137207,37.11570358276367
2024-07-22,23.50590133666992,37.37680435180664
2024-07-23,23.37442398071289,37.125370025634766
2024-07-24,22.961219787597656,36.796573638916016
2024-07-25,22.84852409362793,36.74821853637695
2024-07-26,23.17721366882324,37.067352294921875
2024-07-29,23.01756477355957,36.960975646972656
2024-07-30,23.167823791503903,37.086692810058594
2024-07-31,23.496509552001953,37.637908935546875
2024-08-01,22.94243431091309,36.796573638916016
2024-08-02,22.557401657104492,35.974571228027344
2024-08-05,21.796720504760746,35.31697463989258
2024-08-06,22.172365188598633,35.81984329223633
2024-08-07,22.125410079956055,35.800498962402344
2024-08-08,22.64192008972168,36.41941833496094
2024-08-09,22.81096076965332,36.58382034301758
2024-08-12,22.773393630981445,36.65151596069336
2024-08-13,23.13025665283203,37.1640510559082
2024-08-14,22.98938751220703,37.386474609375
2024-08-15,23.195995330810547,37.811981201171875
2024-08-16,23.43077278137207,37.97638702392578
2024-08-19,23.85337257385254,38.24715805053711
2024-08-20,23.72189712524414,38.15045547485352
2024-08-21,23.975454330444336,38.334197998046875
2024-08-22,23.731287002563477,38.16012191772461
2024-08-23,24.322927474975582,38.88542175292969
2024-08-26,24.29475212097168,39.04014205932617
2024-08-27,24.24779510498047,39.02080535888672
2024-08-28,24.21962547302246,38.73068618774414
2024-08-29,24.46379280090332,38.904762268066406
2024-08-30,24.29475212097168,39.15619659423828
2024-09-03,23.947282791137695,38.47925567626953
2024-09-04,23.91910743713379,38.575958251953125
2024-09-05,24.022411346435547,38.469581604003906
2024-09-06,23.59041976928711,38.01506805419922
2024-09-09,24.00362777709961,38.44057083129883
2024-09-10,23.900327682495117,38.24715805053711
2024-09-11,24.050582885742188,38.73068618774414
2024-09-12,24.46379280090332,39.06916046142578
2024-09-13,24.379270553588867,39.204551696777344
2024-09-16,24.745525360107425,39.45598220825195
2024-09-17,24.604658126831055,39.33993911743164
2024-09-18,24.557703018188477,39.15619659423828
2024-09-19,25.18690490722656,39.79445266723633
2024-09-20,24.895782470703125,39.755767822265625
2024-09-23,25.02725601196289,39.98786544799805
2024-09-24,25.24325180053711,40.28765106201172
2024-09-25,24.83004570007324,40.05555725097656
2024-09-26,25.32777214050293,40.28765106201172
2024-09-27,25.40289878845215,40.08456802368164
2024-09-30,25.459247589111328,40.15226364135742
2024-10-01,25.271427154541016,40.268314361572266
2024-10-02,25.262035369873047,40.22962951660156
2024-10-03,25.00847625732422,40.05555725097656
2024-10-04,24.84882545471191,40.29731750488281
2024-10-07,24.764307022094727,40.06523132324219
2024-10-08,24.689180374145508,39.78478240966797
2024-10-09,24.62343978881836,39.99753952026367
2024-10-10,24.717350006103516,40.03622055053711
2024-10-11,24.886390686035156,40.22962951660156
2024-10-14,24.91456413269043,40.23930358886719
2024-10-15,24.764307022094727,40.113582611083984
2024-10-16,24.84882545471191,40.4907341003418
2024-10-17,24.84882545471191,40.50040817260742
2024-10-18,24.94273567199707,40.65513610839844
2024-10-21,24.61404609680176,40.3940315246582
2024-10-22,24.548311233520508,40.442378997802734
2024-10-23,24.266578674316406,40.15226364135742
2024-10-24,24.407445907592773,40.07489776611328
2024-10-25,24.21962547302246,39.80412292480469
2024-10-28,24.322927474975582,40.06523132324219
2024-10-29,24.153884887695312,39.910499572753906
2024-10-30,24.022411346435547,39.8718147277832
2024-10-31,23.80641746520996,39.29158401489258
2024-11-01,23.900327682495117,39.330265045166016
2024-11-04,23.928497314453125,39.55268859863281
2024-11-05,24.29475212097168,39.99753952026367
2024-11-06,24.14449119567871,40.21029281616211
2024-11-07,24.858217239379883,40.77117919921875
2024-11-08,24.360490798950195,40.3166618347168
2024-11-11,24.351099014282227,40.4907341003418
2024-11-12,23.947282791137695,40.85821533203125
2024-11-13,23.956674575805664,40.7518424987793
2024-11-14,24.00362777709961,40.69382095336914
2024-11-15,24.013017654418945,40.34567642211914
2024-11-18,24.341707229614254,40.64546585083008
2024-11-19,24.548311233520508,40.88722610473633
2024-11-20,24.398052215576172,40.81953048706055
2024-11-21,24.642223358154297,41.52548599243164
2024-11-22,24.717350006103516,41.55450439453125
2024-11-25,24.717350006103516,41.47713470458984
2024-11-26,24.388662338256836,41.19668197631836
2024-11-27,24.651615142822266,41.41911315917969
2024-11-29,24.82065200805664,41.82527542114258
2024-12-02,24.75491714477539,41.680213928222656
2024-12-03,24.689180374145508,41.58351516723633
2024-12-04,24.538921356201172,41.544830322265625
2024-12-05,24.50135612487793,41.854286193847656
2024-12-06,24.135103225708008,41.46746444702149
2024-12-09,24.435619354248047,41.29339599609375
2024-12-10,24.022411346435547,41.12899017333984
2024-12-11,24.069366455078125,41.35141372680664
2024-12-12,23.66554832458496,40.761512756347656
2024-12-13,23.571638107299805,40.626121520996094
2024-12-16,23.618593215942383,40.423038482666016
2024-12-17,23.682573318481445,40.17805099487305
2024-12-18,22.89952087402344,39.05110549926758
2024-12-19,22.75628089904785,38.84531784057617
2024-12-20,22.698984146118164,39.1295051574707
2024-12-23,23.014114379882812,39.345096588134766
2024-12-24,23.109609603881836,39.64888000488281
2024-12-26,23.22420310974121,39.60968017578125
2024-12-27,22.97591781616211,39.413692474365234
2024-12-30,22.889972686767575,39.28629684448242
2024-12-31,22.784929275512695,39.49208450317383
2025-01-02,22.83267593383789,39.54108428955078
2025-01-03,23.109609603881836,39.77627182006836
2025-01-06,23.233753204345703,40.00166320800781
2025-01-07,23.128707885742188,39.766475677490234
2025-01-08,23.262401580810547,39.98206329345703
2025-01-10,22.7371826171875,39.21770095825195
2025-01-13,22.804025650024418,39.04130935668945
2025-01-14,22.89952087402344,39.26669692993164
2025-01-15,23.252851486206055,39.688079833984375
2025-01-16,23.233753204345703,39.59988021850586
2025-01-17,23.14780616760254,39.73707580566406
2025-01-21,23.682573318481445,40.4034423828125
2025-01-22,23.59662818908691,40.236854553222656
2025-01-23,23.63482666015625,40.6190299987793
2025-01-24,23.78761863708496,40.81502532958984
2025-01-27,23.749422073364254,40.481842041015625
2025-01-28,23.67302703857422,40.53083801269531
2025-01-29,23.529783248901367,40.65822982788086
2025-01-30,23.825817108154297,40.942413330078125
2025-01-31,23.501134872436523,40.39364242553711
2025-02-03,23.38654327392578,39.766475677490234
2025-02-04,23.663476943969727,40.49163818359375
2025-02-05,23.883113861083984,40.903221130371094
2025-02-06,23.997705459594727,40.96201705932617
2025-02-07,23.806718826293945,40.81502532958984
2025-02-10,23.959508895874023,41.17760467529297
2025-02-11,23.911762237548828,41.22660446166992
2025-02-12,24.121849060058594,41.11880874633789
2025-02-13,24.503826141357425,41.66758346557617
2025-02-14,24.322385787963867,41.3245964050293
2025-02-18,24.274639129638672,41.58918762207031
2025-02-19,23.911762237548828,41.383392333984375
2025-02-20,23.959508895874023,41.37359619140625
2025-02-21,23.44384002685547,40.7170295715332
2025-02-24,23.520235061645508,40.550437927246094
2025-02-25,23.43429183959961,40.52103805541992
2025-02-26,23.33879852294922,40.59943389892578
2025-02-27,22.98546600341797,39.98206329345703
2025-02-28,22.90907096862793,40.4034423828125
2025-03-03,22.87087631225586,39.63908004760742
2025-03-04,22.842226028442383,38.97270965576172
2025-03-05,23.310148239135746,39.91346740722656
2025-03-06,22.937719345092773,39.5606803894043
2025-03-07,22.813575744628903,39.65868377685547
2025-03-10,22.36475372314453,38.884517669677734
2025-03-11,22.26926040649414,38.68852233886719
2025-03-12,22.25971031188965,39.04130935668945
2025-03-13,21.982776641845703,38.51213455200195
2025-03-14,22.44114875793457,39.3058967590332
2025-03-17,22.794479370117188,39.874267578125
2025-03-18,22.374303817749023,39.70767593383789
2025-03-19,22.58439064025879,40.21725082397461
2025-03-20,22.469799041748047,40.20745468139648
2025-03-21,22.374303817749023,40.06045913696289
2025-03-24,22.632139205932617,40.67782974243164
2025-03-25,22.7371826171875,40.873817443847656
2025-03-26,22.641687393188477,40.550437927246094
2025-03-27,22.67988395690918,40.42304229736328
2025-03-28,22.412500381469727,39.75667190551758
2025-03-31,22.38385581970215,39.933067321777344
2025-04-01,22.641687393188477,40.30544662475586
2025-04-02,22.813575744628903,40.756229400634766
2025-04-03,22.20241355895996,39.80567169189453
2025-04-04,20.197032928466797,37.63997650146485
2025-04-07,19.910552978515625,37.03240966796875
2025-04-08,19.88190269470215,36.424835205078125
2025-04-09,21.78223991394043,38.7473258972168
2025-04-10,21.342967987060547,37.96336364746094
2025-04-11,21.744041442871097,39.07070541381836
2025-04-14,22.240612030029297,39.629276275634766
2025-04-15,22.307456970214844,39.71747589111328
2025-04-16,22.36475372314453,40.0114631652832
2025-04-17,22.546192169189453,40.27605056762695
2025-04-21,22.422048568725582,39.952667236328125
2025-04-22,22.88042259216309,40.56023406982422
2025-04-23,22.918621063232425,40.687625885009766
2025-04-24,23.405641555786133,41.21680450439453
2025-04-25,23.405641555786133,41.19720458984375
2025-04-28,23.415191650390625,41.52058792114258
2025-04-29,23.44384002685547,41.59898376464844
2025-04-30,23.558433532714844,41.59898376464844
2025-05-01,23.53933334350586,41.4617919921875
2025-05-02,24.16959571838379,41.98116683959961
2025-05-05,23.864013671875,41.80477523803711
2025-05-06,23.921310424804688,41.912567138671875
2025-05-07,23.768518447875977,42.0301628112793
2025-05-08,23.71122169494629,41.95176696777344
2025-05-09,23.883113861083984,41.990962982177734
2025-05-12,24.045454025268555,42.21635818481445
2025-05-13,24.274639129638672,42.52994155883789
2025-05-14,24.02635383605957,42.56913757324219
2025-05-15,24.39878273010254,42.95132064819336
2025-05-16,24.322385787963867,43.01011657714844
2025-05-19,24.475177764892575,43.16691207885742
2025-05-20,24.475177764892575,43.304100036621094
2025-05-21,24.265090942382812,43.05910873413086
2025-05-22,24.265090942382812,43.11791229248047
2025-05-23,24.49427604675293,43.54908752441406
2025-05-27,24.704364776611328,43.92147445678711
2025-05-28,24.4083309173584,43.8626708984375
2025-05-29,24.48472595214844,43.88227081298828
2025-05-30,24.647066116333008,44.05866241455078
2025-06-02,24.97174644470215,44.48004531860352
2025-06-03,24.895349502563477,44.43104934692383
2025-06-04,25.14363670349121,44.34284973144531
2025-06-05,25.172286987304688,44.41144561767578
2025-06-06,25.181835174560547,44.48004531860352
2025-06-09,25.248682022094727,44.391849517822266
2025-06-10,25.506513595581055,44.51924133300781
2025-06-11,25.401472091674805,44.744632720947266
2025-06-12,25.439668655395508,45.07781600952149
2025-06-13,25.13408660888672,44.96022033691406
2025-06-16,25.29600524902344,45.14371871948242
2025-06-17,24.98574447631836,44.837894439697266
2025-06-18,25.07300567626953,44.70964050292969
2025-06-20,24.772438049316406,44.49260330200195
2025-06-23,25.005136489868164,44.71950912475586
2025-06-24,25.25722312927246,45.00559997558594
2025-06-25,25.23783302307129,44.70964050292969
2025-06-26,25.625659942626953,45.30155944824219
2025-06-27,25.29600524902344,44.96614074707031
2025-06-30,25.519006729125977,45.57779312133789
2025-07-01,25.548093795776367,45.56792449951172
2025-07-02,25.73231315612793,45.70603942871094
2025-07-03,25.674137115478516,46.04145812988281
2025-07-07,25.189353942871097,45.55805969238281
2025-07-08,25.344484329223633,45.38048553466797
2025-07-09,25.44144058227539,45.50873565673828
2025-07-10,25.771093368530273,45.78496170043945
2025-07-11,25.557790756225582,45.50873565673828
2025-07-14,25.586875915527344,45.81455612182617
2025-07-15,25.276615142822266,45.41994857788086
2025-07-16,25.392963409423828,45.84415817260742
2025-07-17,25.480224609375,46.0809211730957
2025-07-18,25.64505195617676,45.96253967285156
2025-07-21,25.567485809326172,46.0809211730957
2025-07-22,25.74200439453125,46.455806732177734
2025-07-23,26.00378799438477,46.534725189208984
2025-07-24,25.771093368530273,46.33742141723633
2025-07-25,25.674137115478516,46.37688064575195
2025-07-28,25.422048568725582,46.090789794921875
2025-07-29,25.567485809326172,46.15984725952149
2025-07-30,25.35417938232422,45.755367279052734
2025-07-31,25.22813606262207,45.55805969238281
2025-08-01,25.121482849121097,45.24237060546875
2025-08-04,25.480224609375,45.95267868041992
2025-08-05,25.60626792907715,46.29795837402344
2025-08-06,25.84865951538086,47.08718490600586
2025-08-07,25.79048538208008,46.70243835449219
2025-08-08,25.81957244873047,46.70243835449219
2025-08-11,25.83896255493164,46.64324569702149
2025-08-12,26.139528274536133,46.870147705078125
2025-08-13,26.09105110168457,46.99839782714844
2025-08-14,25.926223754882812,46.69257354736328
2025-08-15,26.013484954833984,46.63338088989258
2025-08-18,26.023181915283203,46.712303161621094
2025-08-19,25.800182342529297,46.36701583862305
2025-08-20,25.88744354248047,46.47553634643555
2025-08-21,26.042573928833008,46.64324569702149
2025-08-22,26.430400848388672,47.38314437866211
2025-08-25,26.013484954833984,46.909610748291016
2025-08-26,26.14922523498535,47.3732795715332
2025-08-27,26.178312301635746,47.71856689453125
2025-08-28,26.26557350158691,47.80735397338867
2025-08-29,26.255878448486328,48.132911682128906
2025-09-02,25.955312728881836,47.935604095458984
2025-09-03,25.79048538208008,48.21183013916016
2025-09-04,26.081356048583984,48.45846176147461
2025-09-05,26.110441207885746,48.507789611816406
2025-09-08,26.178312301635746,48.636043548583984
2025-09-09,26.07165908813477,48.6064453125
2025-09-10,26.28496360778809,48.75442123413086
2025-09-11,26.575834274291992,49.24768829345703
2025-09-12,26.411008834838867,48.932003021240234
2025-09-15,26.73096466064453,49.454864501953125
2025-09-16,26.54674530029297,49.405540466308594
2025-09-17,26.314050674438477,49.306880950927734
2025-09-18,26.07165908813477,49.504188537597656
2025-09-19,26.07165908813477,50.046783447265625
2025-09-22,26.100746154785156,50.19476318359375
2025-09-23,26.052268981933594,49.8494758605957
2025-09-24,25.664440155029297,49.56338119506836
2025-09-25,25.664440155029297,49.375938415527344
2025-09-26,25.858354568481445,49.346343994140625
2025-09-29,26.158920288085938,49.78041458129883
2025-09-30,26.178312301635746,49.86920547485352
2025-10-01,26.323747634887695,49.888938903808594
2025-10-02,26.35283470153809,49.908668518066406
2025-10-03,26.595226287841797,50.54991912841797
2025-10-06,26.52735710144043,50.60910415649414
2025-10-07,26.314050674438477,50.25395584106445
2025-10-08,26.40131187438965,50.45125961303711
2025-10-09,26.100746154785156,49.8494758605957
2025-10-10,25.63535499572754,49.18850326538086
2025-10-13,25.84865951538086,49.908668518066406
2025-10-14,25.88744354248047,49.8494758605957
2025-10-15,26.07165908813477,50.273685455322266
2025-10-16,26.14922523498535,49.938262939453125
2025-10-17,26.100746154785156,49.602840423583984
2025-10-20,26.430400848388672,50.03691864013672
2025-10-21,26.28496360778809,49.316749572753906
2025-10-22,26.24618148803711,49.52391815185547
2025-10-23,26.362529754638672,49.8988037109375
2025-10-24,26.35283470153809,50.15530014038086
2025-10-27,26.537052154541016,50.10597610473633
2025-10-28,26.68248748779297,50.71762466430664
2025-10-29,26.178312301635746,50.06651306152344
2025-10-30,26.07165908813477,49.98759078979492
2025-10-31,25.955312728881836,50.05664825439453
2025-11-03,26.023181915283203,49.98759078979492
2025-11-04,25.60626792907715,49.050384521484375
2025-11-05,25.858354568481445,49.58311080932617
2025-11-06,25.65474510192871,49.07998275756836
2025-11-07,25.63535499572754,49.42526626586914
2025-11-10,25.994094848632812,50.204627990722656
2025-11-11,25.81957244873047,50.35260772705078
2025-11-12,25.771093368530273,51.05304718017578
2025-11-13,25.150571823120117,49.9579963684082
2025-11-14,25.160266876220703,50.204627990722656
2025-11-17,24.859699249267575,49.66203689575195
2025-11-18,24.62700462341309,49.8494758605957
2025-11-19,24.530046463012695,49.938262939453125
2025-11-20,24.19070053100586,49.237823486328125
2025-11-21,24.55913543701172,49.750823974609375
2025-11-24,24.665788650512695,50.36247253417969
2025-11-25,24.84031105041504,50.865604400634766
2025-11-26,25.03422164916992,51.54631042480469
2025-11-28,25.063310623168945,51.99024963378906
2025-12-01,24.94696044921875,51.47725296020508
2025-12-02,25.1408748626709,51.43778991699219
2025-12-03,25.334787368774418,51.76335144042969
2025-12-04,25.489919662475582,52.35526657104492
2025-12-05,25.53839874267578,52.572303771972656
2025-12-08,25.44144058227539,52.23688507080078
2025-12-09,25.548093795776367,52.35526657104492
2025-12-10,25.83896255493164,52.99651718139648
2025-12-11,25.829265594482425,53.35166549682617
2025-12-12,25.712921142578125,53.16422271728515
2025-12-15,25.615962982177734,53.075435638427734
2025-12-16,25.46212577819824,52.732051849365234
2025-12-17,25.225452423095703,52.56284713745117
2025-12-18,25.4522647857666,52.97092819213867
2025-12-19,25.52129364013672,53.42877578735352
2025-12-22,25.787551879882812,53.916481018066406
2025-12-23,26.24117660522461,54.28475189208984
2025-12-24,26.23131561279297,54.34446716308594
2025-12-26,26.310205459594727,54.54353332519531
2025-12-29,26.112977981567383,54.07573699951172
2025-12-30,26.043947219848633,54.04587173461914
2025-12-31,25.826997756958008,53.67760467529297
2026-01-02,26.10311508178711,53.93638610839844
2026-01-05,26.24117660522461,54.33451843261719
2026-01-06,26.122838973999023,54.39423751831055
2026-01-07,25.9058895111084,53.75722885131836
2026-01-08,26.00450325012207,54.20512390136719
2026-01-09,25.89602851867676,54.37433242797851
2026-01-12,26.08339500427246,54.832176208496094
2026-01-13,26.043947219848633,54.86203384399414
2026-01-14,26.172147750854492,54.921756744384766
2026-01-15,26.280620574951172,54.961570739746094
2026-01-16,26.369373321533203,54.87199020385742
2026-01-20,26.09325408935547,54.49376678466797
2026-01-21,26.32992935180664,54.76250457763672
2026-01-22,26.694799423217773,54.9416618347168
2026-01-23,27.000503540039062,55.508995056152344
2026-01-26,27.23717880249023,55.42936706542969
2026-01-27,27.848583221435547,55.91707611083984
2026-01-28,27.77955436706543,56.08627700805664
2026-01-29,28.02608871459961,56.265438079833984
2026-01-30,27.365375518798828,54.00605773925781
2026-02-02,27.562604904174805,54.29470443725586
2026-02-03,27.730247497558594,54.58334732055664
2026-02-04,27.957059860229492,54.75254821777344
2026-02-05,27.45412826538086,53.88662338256836
2026-02-06,27.838722229003903,54.75254821777344
2026-02-09,28.43040657043457,56.00665664672851
2026-02-10,28.24303817749023,56.45454788208008
2026-02-11,28.893890380859375,56.31520462036133
2026-02-12,28.696664810180664,55.00138092041016
2026-02-13,28.75583267211914,55.90711975097656
2026-02-17,28.91361427307129,55.598575592041016
2026-02-18,28.90375328063965,56.195762634277344
2026-02-19,28.96292304992676,56.48440933227539
2026-02-20,29.288349151611328,56.89249038696289
2026-02-23,29.041812896728516,56.6834716796875
2026-02-24,29.170011520385746,56.882537841796875
2026-02-25,29.741971969604492,57.32047653198242
2026-02-26,29.722248077392575,57.87785720825195
2026-02-27,29.672943115234375,57.70865249633789
2026-03-02,29.515159606933594,57.88780975341797
2026-03-03,28.68680191040039,56.80290985107422
2026-03-04,28.943199157714844,57.2010383605957
2026-03-05,28.213455200195312,56.64365768432617
2026-03-06,27.937335968017575,56.08627700805664
2026-03-09,28.459991455078125,56.345062255859375
2026-03-10,28.548744201660156,56.43464279174805
2026-03-11,28.59804916381836,56.21567153930664
2026-03-12,28.02608871459961,55.588619232177734
2026-03-13,27.592187881469727,54.772457122802734
2026-03-16,28.282485961914062,55.588619232177734
2026-03-17,28.302207946777344,55.63838577270508
2026-03-18,27.611909866333008,54.553489685058594
2026-03-19,27.86830711364746,53.84680938720703
2026-03-20,26.921611785888672,52.960975646972656
2026-03-23,27.70066261291504,53.966251373291016
2026-03-24,27.178009033203125,53.826904296875
2026-03-25,27.414682388305664,54.37433242797851
2026-03-26,26.79341506958008,53.45863342285156
2026-03-27,26.83285903930664,53.37900924682617
2026-03-30,26.763830184936523,53.16999053955078
2026-03-31,27.37523651123047,54.5335807800293
2026-04-01,27.70066261291504,54.921756744384766
2026-04-02,27.710525512695312,55.06110000610352
2026-04-06,27.828861236572266,55.23030471801758
2026-04-07,28.144426345825195,55.459228515625
2026-04-08,29.110843658447266,56.37492370605469
2026-04-09,29.357378005981445,56.17585754394531
2026-04-10,29.42640686035156,56.49435806274414
2026-04-13,29.73211097717285,56.99201965332031
2026-04-14,29.761695861816406,57.429962158203125
2026-04-15,29.840585708618164,57.76837158203125
2026-04-16,29.515159606933594,57.718605041503906
2026-04-17,29.791278839111328,58.246124267578125
2026-04-20,29.633495330810547,58.49495315551758
2026-04-21,29.07139587402344,57.54940032958984
2026-04-22,29.02209091186523,57.718605041503906
2026-04-23,28.864307403564453,57.569305419921875
2026-04-24,28.76569366455078,57.66883850097656
2026-04-27,28.785417556762695,57.70865249633789
2026-04-28,28.66707992553711,57.19108581542969
2026-04-29,28.223318099975582,56.71332931518555
2026-04-30,29.08125877380371,58.32574844360352
2026-05-01,28.864307403564453,58.126686096191406
2026-05-04,28.479711532592773,57.61907196044922
2026-05-05,28.785417556762695,57.429962158203125
2026-05-06,29.70252799987793,57.93757247924805
2026-05-07,29.07139587402344,57.54940032958984
2026-05-08,29.130565643310547,57.818138122558594
2026-05-11,29.179872512817383,57.86790084838867
2026-05-12,28.91361427307129,57.99729537963867
2026-05-13,28.716386795043945,57.46977615356445
2026-05-14,28.874170303344727,57.897762298583984
2026-05-15,28.321929931640625,57.17117691040039
2026-05-18,28.410682678222656,57.290618896484375
2026-05-19,28.134565353393555,57.220947265625
2026-05-20,28.499435424804688,58.00724792480469
2026-05-21,28.58818817138672,58.30584335327149
2026-05-22,28.381099700927734,58.23616790771485
2026-05-26,28.548744201660156,58.4252815246582
2026-05-27,28.52902030944824,57.98733901977539
2026-05-28,28.568464279174805,58.30584335327149
2026-05-29,28.844585418701172,58.534767150878906
2026-06-01,28.726247787475582,58.43523406982422
2026-06-02,29.061534881591797,59.18172454833984
2026-06-03,28.736108779907227,58.36556243896485
2026-06-04,28.637496948242188,59.14191055297851
2026-06-05,27.671077728271484,57.75841522216797
2026-06-08,27.68094062805176,57.78827667236328
2026-06-09,27.85844612121582,57.75841522216797
2026-06-10,27.78941535949707,57.43991470336914
2026-06-11,28.558603286743164,58.21626663208008
2026-06-12,28.815000534057617,58.48500061035156
2026-06-15,28.600000381469727,58.93000030517578
2026-06-16,28.979999542236328,59.11000061035156
2026-06-17,28.649999618530273,58.189998626708984
2026-06-18,28.559999465942383,57.869998931884766
2026-06-22,28.450000762939453,57.88999938964844
2026-06-23,28.020000457763672,57.66999816894531
2026-06-24,27.90999984741211,57.290000915527344
2026-06-25,27.93000030517578,57.619998931884766
2026-06-26,27.969999313354492,57.79999923706055
2026-06-29,28.11000061035156,57.4900016784668
2026-06-30,28.15999984741211,57.63999938964844
2026-07-01,27.700000762939453,57.66999816894531
2026-07-02,28.09000015258789,57.77000045776367
2026-07-06,28.329999923706055,58.060001373291016
2026-07-07,28.1299991607666,58.36000061035156
2026-07-08,28.1200008392334,57.970001220703125
2026-07-09,28.200000762939453,58.380001068115234
2026-07-10,28.450000762939453,58.650001525878906
2026-07-13,28.350000381469727,58.72999954223633
2026-07-14,28.709999084472656,59.18000030517578
2026-07-15,28.799999237060547,59.4900016784668
2026-07-16,28.6299991607666,59.38999938964844
2026-07-17,28.75,59.45000076293945
2026-07-20,28.520000457763672,58.619998931884766
2026-07-21,28.68000030517578,59.04999923706055
2026-07-22,28.86000061035156,59.279998779296875
2026-07-23,28.489999771118164,58.81999969482422
2026-07-24,28.719999313354492,59.06999969482422
2026-07-27,28.8799991607666,59.38999938964844
2026-07-28,29.31999969482422,59.84000015258789
2026-07-29,29.11000061035156,59.290000915527344
2026-07-30,29.81999969482422,59.790000915527344
2026-07-31,29.34000015258789,59.38999938964844
2026-08-03,29.399999618530273,59.650001525878906
2026-08-04,30.1200008392334,60.0
2026-08-05,30.13999938964844,60.779998779296875
